1,作者,zuò zhě,author
1,阿姨,ā yí,maternal aunt
1,啊,a,modal particle ending sentence
1,矮,ǎi,low
1,爱好,ài hào,to like
2,安静,ān jìng,quiet
2,把,bǎ,to hold
2,搬,bān,to move
2,班,bān,team
2,半,bàn,half
3,办法,bàn fǎ,means
3,办公室,bàn gōng shì,office
3,帮忙,bāng máng,to help
3,包,bāo,to cover
3,饱,bǎo,to eat till full
4,北方,běi fāng,north
4,被,bèi,quilt
4,鼻子,bí zi,nose
4,比较,bǐ jiào,to compare
4,比赛,bǐ sài,competition (sports etc)
5,必须,bì xū,to have to
5,变化,biàn huà,change
5,表示,biǎo shì,to express
5,表演,biǎo yǎn,play
5,别人,bié ren,other people
6,宾馆,bīn guǎn,guesthouse
6,冰箱,bīng xiāng,icebox
6,才,cái,a moment ago
6,菜单,cài dān,menu
6,参加,cān jiā,to participate
7,草,cǎo,grass
7,层,céng,layer
7,差,chà,to differ from
7,超市,chāo shì,supermarket (abbr.)
7,衬衫,chèn shān,shirt
8,成绩,chéng jì,achievement
8,城市,chéng shì,city
8,迟到,chí dào,to arrive late
8,出现,chū xiàn,to appear
8,除了,chú le,besides
9,厨房,chú fáng,kitchen
9,春,chūn,spring (time)
9,词语,cí yǔ,word (general term including monosyllables through to short phrases)
9,聪明,cōng ming,acute (of sight and hearing)
9,打扫,dǎ sǎo,to clean
10,打算,dǎ suàn,to plan
10,带,dài,band
10,担心,dān xīn,anxious
10,蛋糕,dàn gāo,cake
10,当然,dāng rán,only natural
11,地,de,-ly
11,灯,dēng,lamp
11,低,dī,low
11,地方,dì fang,area
11,地铁,dì tiě,subway
12,地图,dì tú,map
12,电梯,diàn tī,elevator
12,电子,diàn zǐ,electronic
12,冬,dōng,sound of beating a drum
12,东,dōng,east
13,动物,dòng wù,animal
13,短,duǎn,short or brief
13,段,duàn,paragraph
13,锻炼,duàn liàn,to engage in physical exercise
13,多么,duō me,how (wonderful etc)
14,饿,è,to be hungry
14,而且,ér qiě,(not only ...) but also
14,耳朵,ěr duo,ear
14,发烧,fā shāo,to have a high temperature (from illness)
14,发现,fā xiàn,to find
15,方便,fāng biàn,convenient
15,放,fàng,to release
15,放心,fàng xīn,to feel relieved
15,分,fēn,to divide
15,附近,fù jìn,(in the) vicinity
16,复习,fù xí,variant of 復習|复习
16,干净,gān jìng,clean
16,敢,gǎn,to dare
16,感冒,gǎn mào,to catch cold
16,刚才,gāng cái,(just) a moment ago
17,根据,gēn jù,according to
17,跟,gēn,heel
17,更,gèng,more
17,公园,gōng yuán,public park
17,故事,gù shi,narrative
18,刮,guā,to blow (of the wind)
18,关,guān,mountain pass
18,关系,guān xì,variant of 關係|关系[guān xì]
18,关心,guān xīn,to care for sth
18,关于,guān yú,pertaining to
19,国家,guó jiā,country
19,果汁,guǒ zhī,fruit juice
19,过去,guò qu,(in the) past
19,还是,hái shi,or
19,害怕,hài pà,to be afraid
20,河,hé,river
20,黑板,hēi bǎn,blackboard
20,护照,hù zhào,passport
20,花,huā,flower
20,花园,huā yuán,garden
21,画,huà,to draw
21,坏,huài,bad
21,环境,huán jìng,environment
21,换,huàn,to change
21,黄,huáng,yellow
22,会议,huì yì,meeting
22,或者,huò zhě,or
22,机会,jī huì,opportunity
22,几乎,jī hū,almost
22,极,jí,extremely
23,记得,jì de,to remember
23,季节,jì jié,time
23,检查,jiǎn chá,inspection
23,简单,jiǎn dān,simple
23,见面,jiàn miàn,to meet
24,健康,jiàn kāng,health
24,讲,jiǎng,to speak
24,教,jiāo,to teach
24,脚,jiǎo,foot
24,角,jiǎo,angle
25,接,jiē,to receive
25,街道,jiē dào,street
25,节目,jié mù,program
25,节日,jié rì,holiday
25,结婚,jié hūn,to marry
26,结束,jié shù,termination
26,解决,jiě jué,to settle (a dispute)
26,借,jiè,to lend
26,经常,jīng cháng,day to day
26,经过,jīng guò,to pass
27,经理,jīng lǐ,manager
27,久,jiǔ,(long) time
27,旧,jiù,old
27,举行,jǔ xíng,to hold (a meeting
27,句子,jù zi,sentence
28,决定,jué dìng,to decide (to do something)
28,渴,kě,thirsty
28,可爱,kě ài,adorable
28,刻,kè,quarter (hour)
28,客人,kè rén,visitor
29,空调,kōng tiáo,air conditioning
29,口,kǒu,mouth
29,哭,kū,to cry
29,裤子,kù zi,trousers
29,筷子,kuài zi,chopsticks
30,蓝,lán,blue
30,老,lǎo,old
30,离开,lí kāi,to depart
30,礼物,lǐ wù,gift
30,历史,lì shǐ,history
31,脸,liǎn,face
31,练习,liàn xí,exercise
31,辆,liàng,classifier for vehicles
31,了解,liǎo jiě,to understand
31,邻居,lín jū,neighbor
32,楼,lóu,house with more than 1 story
32,绿,lǜ,green
32,马,mǎ,horse
32,马上,mǎ shàng,at once
32,满意,mǎn yì,satisfied
33,帽子,mào zi,hat
33,米,mǐ,rice
33,面包,miàn bāo,bread
33,面条,miàn tiáo,noodles
33,明白,míng bai,clear
34,拿,ná,to hold
34,奶奶,nǎi nai,(informal) grandma (paternal grandmother)
34,南,nán,south
34,难,nán,difficult (to...)
34,难过,nán guò,to feel sad
35,年级,nián jí,grade
35,年轻,nián qīng,young
35,鸟,niǎo,bird
35,努力,nǔ lì,great effort
35,爬山,pá shān,to climb a mountain
36,盘子,pán zi,tray
36,胖,pàng,fat
36,啤酒,pí jiǔ,beer
36,葡萄,pú tao,grape
36,普通话,pǔ tōng huà,Mandarin (common language)
37,骑,qí,to ride (an animal or bike)
37,其实,qí shí,actually
37,其他,qí tā,other
37,奇怪,qí guài,strange
37,铅笔,qiān bǐ,(lead) pencil
38,清楚,qīng chu,clear
38,秋,qiū,a swing
38,裙子,qún zi,skirt
38,然后,rán hòu,after
38,热情,rè qíng,cordial
39,认为,rèn wéi,to believe
39,认真,rèn zhēn,conscientious
39,容易,róng yì,easy
39,如果,rú guǒ,if
39,伞,sǎn,umbrella
40,上网,shàng wǎng,to be on the internet
40,生气,shēng qì,angry
40,声音,shēng yīn,voice
40,使,shǐ,to make
40,世界,shì jiè,world
41,瘦,shòu,thin
41,舒服,shū fu,comfortable
41,叔叔,shū shu,father's younger brother
41,树,shù,tree
41,数学,shù xué,mathematics
42,刷,shuā,to brush
42,双,shuāng,two
42,水平,shuǐ píng,level (of achievement etc)
42,司机,sī jī,chauffeur
42,虽然,suī rán,although
43,太阳,tài yáng,sun
43,糖,táng,sugar
43,特别,tè bié,especially
43,疼,téng,(it) hurts
43,提高,tí gāo,to raise
44,体育,tǐ yù,sports
44,甜,tián,sweet
44,条,tiáo,strip
44,同事,tóng shì,colleague
44,同意,tóng yì,to agree
45,头发,tóu fa,hair (on the head)
45,突然,tū rán,sudden
45,图书馆,tú shū guǎn,library
45,腿,tuǐ,leg
45,完成,wán chéng,to complete
46,碗,wǎn,bowl
46,万,wàn,ten thousand
46,忘记,wàng jì,to forget
46,为了,wèi le,in order to
46,为什么,wèi shén me,why?
47,位,wèi,position
47,文化,wén huà,culture
47,西,xī,west
47,习惯,xí guàn,habit
47,洗手间,xǐ shǒu jiān,toilet
48,洗澡,xǐ zǎo,to bathe
48,夏,xià,summer
48,先,xiān,early
48,香蕉,xiāng jiāo,banana
48,相同,xiāng tóng,identical
49,相信,xiāng xìn,to be convinced (that sth is true)
49,像,xiàng,to resemble
49,小心,xiǎo xīn,to be careful
49,校长,xiào zhǎng,(college
49,鞋,xié,shoe
50,新闻,xīn wén,news
50,新鲜,xīn xiān,fresh (experience
50,信,xìn,letter
50,行李箱,xíng li xiāng,suitcase
50,兴趣,xìng qù,interest (desire to know about sth)
51,熊猫,xióng māo,panda
51,需要,xū yào,to need
51,选择,xuǎn zé,to select
51,眼镜,yǎn jìng,spectacles
51,要求,yāo qiú,to request
52,爷爷,yé ye,(informal) father's father
52,一定,yī dìng,surely
52,一共,yī gòng,altogether
52,一会儿,yī huì r,a while
52,一样,yī yàng,same
53,以后,yǐ hòu,after
53,以前,yǐ qián,before
53,以为,yǐ wéi,to believe
53,一般,yī bān,same
53,一边,yī biān,one side
54,一直,yī zhí,straight (in a straight line)
54,音乐,yīn yuè,music
54,银行,yín háng,bank
54,应该,yīng gāi,ought to
54,影响,yǐng xiǎng,an influence
55,用,yòng,to use
55,游戏,yóu xì,game
55,有名,yǒu míng,famous
55,又,yòu,(once) again
55,遇到,yù dào,to meet
56,愿意,yuàn yì,to wish
56,越,yuè,to exceed
56,月亮,yuè liang,moon
56,云,yún,cloud
56,站,zhàn,station
57,着急,zháo jí,to worry
57,照顾,zhào gu,to take care of
57,照片,zhào piàn,photograph
57,照相机,zhào xiàng jī,camera
57,只,zhī,classifier for birds and certain animals
58,只,zhǐ,but
58,终于,zhōng yú,at last
58,中间,zhōng jiān,between
58,种,zhǒng,abbr. for 物種|物种
58,重要,zhòng yào,important
59,周末,zhōu mò,weekend
59,主要,zhǔ yào,main
59,祝,zhù,to wish
59,注意,zhù yì,to take note of
59,字典,zì diǎn,dictionary
60,自己,zì jǐ,oneself
60,总是,zǒng shì,always
60,最近,zuì jìn,recent
60,作业,zuò yè,school assignment
60,作用,zuò yòng,to act on
61,爱情,ài qíng,romance
61,安排,ān pái,to arrange
61,安全,ān quán,safe
61,暗,àn,to close (a door)
61,按时,àn shí,on time
62,按照,àn zhào,according to
62,包括,bāo kuò,to comprise
62,保护,bǎo hù,to protect
62,保证,bǎo zhèng,guarantee
62,抱,bào,to hold
63,抱歉,bào qiàn,to be sorry
63,报道,bào dào,report
63,报名,bào míng,to sign up
63,倍,bèi,(two
63,本来,běn lái,original
64,笨,bèn,stupid
64,笔记本,bǐ jì běn,notebook
64,毕业,bì yè,graduation
64,遍,biàn,everywhere
64,标准,biāo zhǔn,(an official) standard
65,表达,biǎo dá,to voice (an opinion)
65,表格,biǎo gé,form
65,表扬,biǎo yáng,to praise
65,饼干,bǐng gān,biscuit
65,并且,bìng qiě,and
66,博士,bó shì,doctor
66,不但,bù dàn,not only (... but also...)
66,不过,bù guò,only
66,不得不,bù dé bù,have no choice or option but to
66,不管,bù guǎn,no matter (what
67,不仅,bù jǐn,not only (this one)
67,部分,bù fèn,part
67,擦,cā,to wipe
67,猜,cāi,to guess
67,材料,cái liào,material
68,参观,cān guān,to look around
68,差不多,chà bu duō,almost
68,长城,Cháng chéng,the Great Wall
68,长江,Cháng Jiāng,Yangtze River
68,尝,cháng,to taste
69,场,chǎng,large place used for a specific purpose
69,超过,chāo guò,to surpass
69,吵,chǎo,to quarrel
69,乘坐,chéng zuò,to ride (in a vehicle)
69,成功,chéng gōng,success
70,成熟,chéng shú,mature
70,成为,chéng wéi,to become
70,诚实,chéng shí,honest
70,吃惊,chī jīng,to be startled
70,重新,chóng xīn,again
71,抽烟,chōu yān,to smoke (a cigarette
71,出差,chū chāi,to go on an official or business trip
71,出发,chū fā,to start out
71,出生,chū shēng,to be born
71,传真,chuán zhēn,fax
72,窗户,chuāng hu,window
72,词典,cí diǎn,dictionary (of Chinese compound words)
72,从来,cóng lái,always
72,粗心,cū xīn,careless
72,答案,dá àn,answer
73,打扮,dǎ ban,to decorate
73,打扰,dǎ rǎo,to disturb
73,打印,dǎ yìn,to print
73,打折,dǎ zhé,to give a discount
73,打针,dǎ zhēn,to give or have an injection
74,大概,dà gài,roughly
74,大使馆,dà shǐ guǎn,embassy
74,大约,dà yuē,approximately
74,戴,dài,to put on or wear (glasses
74,代表,dài biǎo,representative
75,代替,dài tì,instead
75,大夫,dài fu,doctor
75,当,dāng,to be
75,当地,dāng dì,local
75,当时,dāng shí,then
76,刀,dāo,knife
76,导游,dǎo yóu,tour guide
76,到处,dào chù,everywhere
76,到底,dào dǐ,finally
76,道歉,dào qiàn,to apologize
77,得意,dé yì,proud of oneself
77,等,děng,class
77,等,děng,class
77,底,dǐ,background
77,地球,dì qiú,the Earth
78,地址,dì zhǐ,address
78,掉,diào,to fall
78,调查,diào chá,investigation
78,丢,diū,to lose
78,动作,dòng zuò,movement
79,堵车,dǔ chē,traffic jam
79,肚子,dù zi,belly
79,断,duàn,to break
79,对,duì,couple
79,对,duì,couple
80,对话,duì huà,dialog
80,对面,duì miàn,(sitting) opposite
80,顿,dùn,to stop
80,朵,duǒ,flower
80,而,ér,and
81,儿童,ér tóng,child
81,发,fā,to send out
81,发生,fā shēng,to happen
81,发展,fā zhǎn,development
81,法律,fǎ lǜ,law
82,翻译,fān yì,to translate
82,烦恼,fán nǎo,to be worried
82,反对,fǎn duì,to fight against
82,反映,fǎn yìng,to mirror
82,范围,fàn wéi,range
83,方法,fāng fǎ,method
83,方面,fāng miàn,respect
83,方向,fāng xiàng,direction
83,访问,fǎng wèn,to visit
83,放弃,fàng qì,to renounce
84,放暑假,fàng shǔ jià,The summer holidays
84,分之,fēn zhī,(indicating a fraction)
84,份,fèn,classifier for gifts
84,风景,fēng jǐng,scenery
84,丰富,fēng fù,to enrich
85,否则,fǒu zé,if not
85,符合,fú hé,in keeping with
85,富,fù,rich
85,负责,fù zé,to be in charge of
85,复印,fù yìn,to photocopy
86,复杂,fù zá,complicated
86,父亲,fù qīn,father
86,改变,gǎi biàn,to change
86,干杯,gān bēi,to drink a toast
86,干燥,gān zào,to dry (of weather
87,感动,gǎn dòng,to move (sb)
87,感觉,gǎn jué,to feel
87,感情,gǎn qíng,feeling
87,感谢,gǎn xiè,(express) thanks
87,干,gàn,tree trunk
88,刚刚,gāng gang,just recently
88,高级,gāo jí,high level
88,个子,gè zi,height
88,各,gè,each
88,公里,gōng lǐ,kilometer
89,工具,gōng jù,tool
89,工资,gōng zī,wages
89,共同,gòng tóng,common
89,够,gòu,to reach
89,购物,gòu wù,shopping
90,孤单,gū dān,lone
90,估计,gū jì,to estimate
90,鼓励,gǔ lì,to encourage
90,鼓掌,gǔ zhǎng,to applaud
90,顾客,gù kè,client
91,故意,gù yì,deliberately
91,挂,guà,to hang or suspend (from a hook etc)
91,关键,guān jiàn,crucial point
91,观众,guān zhòng,spectators
91,管理,guǎn lǐ,to supervise
92,光,guāng,light
92,广播,guǎng bō,broadcast
92,广告,guǎng gào,to advertise
92,逛,guàng,to stroll
92,规定,guī dìng,provision
93,国际,guó jì,international
93,果然,guǒ rán,really
93,过,guò,(experienced action marker)
93,过,guò,(experienced action marker)
93,过程,guò chéng,course of events
94,海洋,hǎi yáng,ocean
94,害羞,hài xiū,shy
94,寒假,hán jià,winter vacation
94,汗,hàn,perspiration
94,航班,háng bān,scheduled flight
95,好处,hǎo chu,benefit
95,好像,hǎo xiàng,as if
95,号码,hào mǎ,number
95,合格,hé gé,qualified
95,合适,hé shì,suitable
96,盒子,hé zi,case
96,猴子,hóu zi,monkey
96,厚,hòu,thick
96,后悔,hòu huǐ,to regret
96,后来,hòu lái,afterwards
97,忽然,hū rán,suddenly
97,互相,hù xiāng,each other
97,护士,hù shi,nurse
97,怀疑,huái yí,to doubt
97,回忆,huí yì,to recall
98,活动,huó dòng,to exercise
98,活泼,huó po,lively
98,火,huǒ,fire
98,获得,huò dé,to obtain
98,基础,jī chǔ,base
99,激动,jī dòng,to excite
99,积极,jī jí,active
99,积累,jī lěi,to accumulate
99,极其,jí qí,extremely
99,即使,jí shǐ,even if
100,及时,jí shí,in time
100,集合,jí hé,to gather
100,寄,jì,to live (in a house)
100,继续,jì xù,to continue
100,记者,jì zhě,reporter
101,计划,jì huà,plan
101,技术,jì shù,technology
101,既然,jì rán,since
101,家具,jiā jù,furniture
101,加班,jiā bān,to work overtime
102,加油站,jiā yóu zhàn,gas station
102,假,jiǎ,fake
102,价格,jià gé,price
102,坚持,jiān chí,to persevere with
102,减肥,jiǎn féi,to lose weight
103,减少,jiǎn shǎo,to lessen
103,将来,jiāng lái,in the future
103,奖金,jiǎng jīn,premium
103,降低,jiàng dī,to reduce
103,交,jiāo,to hand over
104,交流,jiāo liú,to exchange
104,交通,jiāo tōng,to be connected
104,骄傲,jiāo ào,pride
104,饺子,jiǎo zi,dumpling
104,教授,jiào shòu,professor
105,教育,jiào yù,to educate
105,接受,jiē shòu,to accept
105,节约,jié yuē,to economize
105,结果,jié guǒ,outcome
105,解释,jiě shì,explanation
106,紧张,jǐn zhāng,nervous
106,尽管,jǐn guǎn,despite
106,进行,jìn xíng,to advance
106,禁止,jìn zhǐ,to prohibit
106,精彩,jīng cǎi,brilliant
107,精神,jīng shén,spirit
107,经济,jīng jì,economy
107,经历,jīng lì,experience
107,经验,jīng yàn,to experience
107,京剧,Jīng jù,Beijing opera
108,警察,jǐng chá,police
108,竟然,jìng rán,unexpectedly
108,竞争,jìng zhēng,to compete
108,镜子,jìng zi,mirror
108,究竟,jiū jìng,after all (when all is said and done)
109,举办,jǔ bàn,to conduct
109,拒绝,jù jué,to refuse
109,距离,jù lí,distance
109,开玩笑,kāi wán xiào,to play a joke
109,看法,kàn fǎ,way of looking at a thing
110,考虑,kǎo lǜ,to think over
110,棵,kē,classifier for trees
110,科学,kē xué,science
110,咳嗽,ké sou,to cough
110,可怜,kě lián,pitiful
111,可是,kě shì,but
111,可惜,kě xī,it is a pity
111,肯定,kěn dìng,to be sure
111,空气,kōng qì,air
111,恐怕,kǒng pà,fear
112,苦,kǔ,bitter
112,宽,kuān,lenient
112,困,kùn,sleepy
112,困难,kùn nan,difficult
112,扩大,kuò dà,to expand
113,拉,lā,to pull
113,垃圾桶,lā jī tǒng,rubbish bin
113,辣,là,hot (spicy)
113,来不及,lái bu jí,there's not enough time (to do sth)
113,来得及,lái de jí,there's still time
114,懒,lǎn,lazy
114,浪费,làng fèi,to waste
114,浪漫,làng màn,romantic
114,老虎,lǎo hǔ,tiger
114,冷静,lěng jìng,calm
115,礼貌,lǐ mào,courtesy
115,理发,lǐ fà,a barber
115,理解,lǐ jiě,to comprehend
115,理想,lǐ xiǎng,a dream
115,厉害,lì hai,difficult to deal with
116,力气,lì qi,strength
116,例如,lì rú,for example
116,俩,liǎ,two (colloquial equivalent of 兩個|两个)
116,连,lián,to link
116,联系,lián xì,connection
117,凉快,liáng kuai,nice and cold
117,亮,liàng,bright
117,聊天,liáo tiān,to chat
117,另外,lìng wài,additional
117,留,liú,to leave (a message etc)
118,留学,liú xué,to study abroad
118,流泪,liú lèi,to shed tears
118,流利,liú lì,fluent
118,流行,liú xíng,to spread
118,乱,luàn,in confusion or disorder
119,律师,lǜ shī,lawyer
119,麻烦,má fan,inconvenient
119,马虎,mǎ hu,careless
119,满,mǎn,full
119,毛巾,máo jīn,towel
120,美丽,měi lì,beautiful
120,梦,mèng,dream
120,密码,mì mǎ,code
120,免费,miǎn fèi,free (of charge)
120,民族,mín zú,nationality
121,母亲,mǔ qīn,mother
121,目的,mù dì,purpose
121,耐心,nài xīn,to be patient
121,难道,nán dào,don't tell me ...
121,难受,nán shòu,to feel unwell
122,内,nèi,inside
122,内容,nèi róng,content
122,能力,néng lì,capability
122,年龄,nián líng,(a person's) age
122,农村,nóng cūn,rural area
123,弄,nòng,to do
123,暖和,nuǎn huo,warm
123,偶尔,ǒu ěr,occasionally
123,排列,pái liè,array
123,判断,pàn duàn,to decide
124,陪,péi,to accompany
124,批评,pī píng,to criticize
124,皮肤,pí fū,skin
124,脾气,pí qi,character
124,篇,piān,sheet
125,骗,piàn,to cheat
125,乒乓球,pīng pāng qiú,table tennis
125,平时,píng shí,ordinarily
125,瓶子,píng zi,bottle
125,破,pò,broken
126,普遍,pǔ biàn,universal
126,其次,qí cì,next
126,其中,qí zhōng,among
126,起飞,qǐ fēi,to take off (in an airplane)
126,起来,qi lai,(after a verb
127,气候,qì hòu,climate
127,千万,qiān wàn,ten million
127,签证,qiān zhèng,visa
127,墙,qiáng,wall
127,敲,qiāo,to hit
128,桥,qiáo,bridge
128,巧克力,qiǎo kè lì,chocolate (loanword)
128,亲戚,qīn qi,a relative (i.e. family relation)
128,轻,qīng,light
128,轻松,qīng sōng,gentle
129,情况,qíng kuàng,circumstances
129,请假,qǐng jià,to request leave of absence
129,请客,qǐng kè,to give a dinner party
129,穷,qióng,exhausted
129,区别,qū bié,difference
130,取,qǔ,to take
130,全部,quán bù,whole
130,缺点,quē diǎn,weak point
130,缺少,quē shǎo,lack
130,却,què,but
131,确实,què shí,indeed
131,群,qún,group
131,然而,rán ér,however
131,热闹,rè nao,bustling with noise and excitement
131,人民币,rén mín bì,Renminbi (RMB)
132,任何,rèn hé,any
132,任务,rèn wu,mission
132,扔,rēng,to throw
132,仍然,réng rán,still
132,日记,rì jì,diary
133,入口,rù kǒu,entrance
133,软,ruǎn,soft
133,散步,sàn bù,to take a walk
133,森林,sēn lín,forest
133,沙发,shā fā,sofa
134,商量,shāng liang,to consult
134,伤心,shāng xīn,to grieve
134,稍微,shāo wēi,a little bit
134,社会,shè huì,society
134,深,shēn,close
135,申请,shēn qǐng,to apply for sth
135,甚至,shèn zhì,even
135,生活,shēng huó,life
135,生命,shēng mìng,life
135,省,shěng,to save
136,剩,shèng,to remain
136,失败,shī bài,to be defeated
136,失望,shī wàng,disappointed
136,师傅,shī fu,master
136,湿润,shī rùn,moist
137,狮子,shī zi,lion
137,十分,shí fēn,to divide into ten equal parts
137,实际,shí jì,actual
137,实在,shí zài,really
137,食品,shí pǐn,foodstuff
138,使用,shǐ yòng,to use
138,试,shì,to test
138,市场,shì chǎng,marketplace
138,世纪,shì jì,century
138,适合,shì hé,to fit
139,适应,shì yìng,to adapt
139,收,shōu,to receive
139,收入,shōu rù,to take in
139,收拾,shōu shi,to put in order
139,首都,shǒu dū,capital (city)
140,首先,shǒu xiān,first (of all)
140,受不了,shòu bù liǎo,unbearable
140,受到,shòu dào,to receive
140,售货员,shòu huò yuán,salesperson
140,输,shū,to lose
141,熟悉,shú xī,to be familiar with
141,数量,shù liàng,amount
141,数字,shù zì,numeral
141,帅,shuài,handsome
141,顺便,shùn biàn,conveniently
142,顺利,shùn lì,smoothly
142,顺序,shùn xù,sequence
142,说明,shuō míng,to explain
142,硕士,shuò shì,master's degree
142,死,sǐ,to die
143,速度,sù dù,speed
143,塑料袋,sù liào dài,plastic bag
143,酸,suān,sour
143,算,suàn,to regard as
143,随便,suí biàn,as one wishes
144,随着,suí zhe,along with
144,孙子,sūn zi,grandson
144,所有,suǒ yǒu,all
144,抬,tái,to lift
144,台,tái,typhoon
145,态度,tài du,manner
145,谈,tán,to speak
145,弹,tán,to pluck (a string)
145,汤,tāng,soup
145,躺,tǎng,to recline
146,趟,tàng,classifier for times
146,讨论,tǎo lùn,to discuss
146,讨厌,tǎo yàn,to dislike
146,特点,tè diǎn,characteristic (feature)
146,提供,tí gōng,to offer
147,提前,tí qián,to shift to an earlier date
147,提醒,tí xǐng,to remind
147,填空,tián kòng,to fill a job vacancy
147,条件,tiáo jiàn,condition
147,停止,tíng zhǐ,to stop
148,挺,tǐng,to stick out
148,通过,tōng guò,by means of
148,通知,tōng zhī,to notify
148,同情,tóng qíng,to sympathize with
148,推,tuī,to push
149,推迟,tuī chí,to postpone
149,脱,tuō,to shed
149,袜子,wà zi,socks
149,完全,wán quán,complete
149,往,wǎng,to go (in a direction)
150,往往,wǎng wǎng,often
150,网球,wǎng qiú,tennis
150,网站,wǎng zhàn,website
150,危险,wēi xiǎn,danger
150,味道,wèi dao,flavor
151,温度,wēn dù,temperature
151,文章,wén zhāng,article
151,握手,wò shǒu,to shake hands
151,污染,wū rǎn,pollution
151,无,wú,-less
152,无聊,wú liáo,bored
152,无论,wú lùn,no matter what or how
152,误会,wù huì,to misunderstand
152,西红柿,xī hóng shì,tomato
152,吸引,xī yǐn,to attract (interest
153,洗衣机,xǐ yī jī,washer
153,咸,xián,salted
153,现代,xiàn dài,modern times
153,羡慕,xiàn mù,to envy
153,限制,xiàn zhì,to restrict
154,香,xiāng,fragrant
154,相反,xiāng fǎn,opposite
154,详细,xiáng xì,detailed
154,响,xiǎng,echo
154,消息,xiāo xi,news
155,小说,xiǎo shuō,novel
155,笑话,xiào huà,joke
155,效果,xiào guǒ,result
155,心情,xīn qíng,mood
155,辛苦,xīn kǔ,hard
156,信任,xìn rèn,to trust
156,信心,xìn xīn,confidence
156,信用卡,xìn yòng kǎ,credit card
156,兴奋,xīng fèn,excited
156,行,xíng,to walk
157,醒,xǐng,to wake up
157,性别,xìng bié,gender
157,性格,xìng gé,nature
157,幸福,xìng fú,happiness
157,修,xiū,to decorate
158,许多,xǔ duō,many
158,血,xuè,blood
158,压力,yā lì,pressure
158,牙膏,yá gāo,toothpaste
158,亚洲,Yà zhōu,Asia
159,呀,ya,(particle equivalent to 啊 after a vowel
159,盐,yán,salt
159,严格,yán gé,strict
159,严重,yán zhòng,grave
159,研究生,yán jiū shēng,graduate student
160,演出,yǎn chū,to act (in a play)
160,演员,yǎn yuán,actor or actress
160,阳光,yáng guāng,sunshine
160,养成,yǎng chéng,to cultivate
160,样子,yàng zi,appearance
161,邀请,yāo qǐng,to invite
161,钥匙,yào shi,key
161,也许,yě xǔ,perhaps
161,页,yè,page
161,叶子,yè zi,foliage
162,一切,yī qiè,everything
162,以,yǐ,to use
162,亿,yì,100 million
162,意见,yì jiàn,idea
162,艺术,yì shù,art
163,因此,yīn cǐ,thus
163,引起,yǐn qǐ,to give rise to
163,饮料,yǐn liào,drink
163,印象,yìn xiàng,impression
163,赢,yíng,to beat
164,硬,yìng,hard
164,勇敢,yǒng gǎn,brave
164,永远,yǒng yuǎn,forever
164,优点,yōu diǎn,merit
164,优秀,yōu xiù,outstanding
165,幽默,yōu mò,(loanword) humor
165,由,yóu,to follow
165,由于,yóu yú,due to
165,尤其,yóu qí,especially
165,有趣,yǒu qù,interesting
166,友好,yǒu hǎo,friendly
166,友谊,yǒu yì,companionship
166,愉快,yú kuài,cheerful
166,于是,yú shì,thereupon
166,与,yǔ,and
167,语法,yǔ fǎ,grammar
167,语言,yǔ yán,language
167,羽毛球,yǔ máo qiú,shuttlecock
167,预习,yù xí,to prepare a lesson
167,圆,yuán,circle
168,原来,yuán lái,original
168,原谅,yuán liàng,to excuse
168,原因,yuán yīn,cause
168,约会,yuē huì,appointment
168,阅读,yuè dú,to read
169,允许,yǔn xǔ,to permit
169,杂志,zá zhì,magazine
169,咱们,zán men,we or us (including both the speaker and the person(s) spoken to)
169,暂时,zàn shí,temporary
169,脏,zāng,dirty
170,责任,zé rèn,responsibility
170,增加,zēng jiā,to raise
170,增长,zēng zhǎng,to grow
170,窄,zhǎi,narrow
170,招聘,zhāo pìn,recruitment
171,真正,zhēn zhèng,genuine
171,整理,zhěng lǐ,to arrange
171,整齐,zhěng qí,orderly
171,正常,zhèng cháng,regular
171,正好,zhèng hǎo,just (in time)
172,正确,zhèng què,correct
172,正式,zhèng shì,formal
172,证明,zhèng míng,proof
172,之,zhī,(possessive particle
172,支持,zhī chí,to be in favor of
173,知识,zhī shi,intellectual
173,直接,zhí jiē,direct
173,值得,zhí de,to be worth
173,职业,zhí yè,occupation
173,植物,zhí wù,botanical
174,指,zhǐ,finger
174,只好,zhǐ hǎo,without any better option
174,只要,zhǐ yào,if only
174,制造,zhì zào,to manufacture
174,至少,zhì shǎo,at least
175,质量,zhì liàng,quality
175,中文,Zhōng wén,Chinese
175,重点,zhòng diǎn,important point
175,重视,zhòng shì,to attach importance to sth
175,周围,zhōu wéi,surroundings
176,猪,zhū,hog
176,逐渐,zhú jiàn,gradually
176,主动,zhǔ dòng,to take the initiative
176,主意,zhǔ yi,plan
176,祝贺,zhù hè,to congratulate
177,著名,zhù míng,famous
177,专门,zhuān mén,specialist
177,专业,zhuān yè,specialty
177,赚,zhuàn,to earn
177,撞,zhuàng,to hit
178,准确,zhǔn què,accurate
178,准时,zhǔn shí,on time
178,仔细,zǐ xì,careful
178,自然,zì rán,nature
178,总结,zǒng jié,to sum up
179,租,zū,to hire
179,组成,zǔ chéng,to form
179,组织,zǔ zhī,to organize
179,嘴,zuǐ,mouth
179,最好,zuì hǎo,best
180,最后,zuì hòu,final
180,尊重,zūn zhòng,to esteem
180,做生意,zuò shēng yì,to do business
180,座,zuò,seat
180,座位,zuò wèi,seat
