0,bai,薭
0,ban,螁
0,bao,藵
0,biàn,卞,excitable
0,bié,别,other
1,biān,边,edge
1,biāo,杓,ladle
1,biē,憋,hasty
1,biě,瘪,vexed
1,biǎn,贬,lower
2,biǎo,表,show
2,bo,卜,prophesy
2,bà,坝,dam
2,bài,败,fail
2,bàn,办,do
3,bàng,蚌,oysters
3,bào,报,tell
3,bá,茇,grass
3,bái,白,white
3,báo,窇
4,bèi,贝,money
4,bèn,坌,dust
4,bèng,泵,pump
4,bì,币,coins
4,bìn,摈,expel
5,bìng,并
5,bí,鼻,nose
5,bò,檗,tree
5,bó,驳,mixed
5,bù,不,no
6,bú,鳪
6,bā,八,eight
6,bāi,掰,to rip
6,bān,扳,pull
6,bāng,邦,nation
7,bāo,包,wrap
7,bēi,陂,dam
7,bēn,奔,run
7,bēng,崩,rupture
7,běi,北,north
8,běn,本,root
8,běng,绷,bind
8,bī,逼,compel
8,bīn,砏
8,bīng,冰,ice
9,bō,拨,move
9,bū,逋,flee
9,bǎ,把,hold
9,bǎi,百,many
9,bǎn,阪,slope
10,bǎng,绑,bind
10,bǎo,饱
10,bǐ,匕,spoon
10,bǐng,丙,third
10,bǒ,跛,lame
11,bǔ,卟,divination
11,chuài,啜,sip
11,chuàn,串,string
11,chuàng,创,create
11,chuái,膗,ugly and fat
12,chuán,传,summon
12,chuáng,床,bed
12,chuí,垂,hand
12,chuò,辵,walk
12,chuāi,搋,to thump
13,chuān,巛,river
13,chuāng,疮,tumor
13,chuī,吹,blow
13,chuō,踔,to excel
13,chuǎn,舛,oppose
14,chuǎng,闯,rush in
14,chà,岔,diverge
14,chài,袃
14,chàn,忏,regret
14,chàng,怅,disappointed
15,chào,耖
15,chá,秅
15,chái,侪,a company
15,chán,谗,slander
15,cháng,苌,surname
16,cháo,晁,dawn
16,chè,彻,pervade
16,chèn,衬,underwear
16,chèng,秤,scale
16,chén,尘,dust
17,chéng,丞,aid
17,chì,叱,scold
17,chí,弛,loosen
17,chòng,铳,blunderbuss
17,chòu,臭,smell
18,chóng,虫,worms
18,chóu,仇,enemy
18,chù,处,place
18,chú,刍,mow
18,chún,纯,pure
19,chā,叉,fork
19,chāi,拆,rip open
19,chān,觇,peek
19,chāng,昌,good
19,chāo,抄,copy
20,chē,车,cart
20,chēn,抻,pull
20,chēng,柽,tamarisk
20,chě,扯,haul
20,chěn,碜,gritty
21,chěng,骋,hurry
21,chī,吃,eat
21,chōng,冲,soar
21,chōu,抽,sprout
21,chū,出,go out
22,chūn,春,spring
22,chǎ,蹅,to tread on
22,chǎi,茝
22,chǎn,产,produce
22,chǎng,厂,factory
23,chǎo,吵,argue
23,chǐ,尺
23,chǒng,宠,favor
23,chǒu,丑,clown
23,chǔ,杵,pestle
24,chǔn,賰,gifts
24,cong,茐
24,cuàn,窜,edit
24,cuì,紣
24,cuò,挫,grind
25,cuó,虘
25,cuān,汆,to boil
25,cuī,崔,high
25,cuō,磋,buff
25,cuǐ,趡,place
26,cuǒ,脞,trifles
26,cài,菜,dish
26,càn,灿,vivid
26,cào,肏,copulate
26,cái,才,just
27,cán,残,injure
27,cáng,藏,hide
27,cáo,曹,surname
27,cè,册,book
27,cèng,蹭,to shuffle
28,cén,岑,steep
28,céng,层,storey
28,cì,次,order
28,cí,词,words
28,còng,謥
29,còu,凑,assemble
29,cóng,从,by
29,cù,促,urge
29,cùn,寸,inch
29,cú,徂,go
30,cún,存,be
30,cā,擦,wipe
30,cāi,猜,guess
30,cān,参,ginseng
30,cāng,仓,sea
31,cāo,糙,coarse
31,cēng,噌,scold
31,cī,疵,flaw
31,cōng,匆,hastily
31,cū,粗,rough
32,cūn,邨,village
32,cǎ,礤
32,cǎi,采,pick
32,cǎn,惨,sad
32,cǎo,艸,grass
33,cǐ,此,this
33,cǔn,忖,guess
33,da,瘩,pimples
33,de,地,earth
33,diàn,电,electric
34,diào,吊,pity
34,diè,耊
34,dié,迭,repeatedly
34,diān,甸,crops
34,diāo,刁,sly
35,diē,爹,father
35,diū,丢,discard
35,diǎ,嗲
35,diǎn,典,law
35,dong,鶫,thrush
36,duàn,段,piece
36,duì,队,team
36,duò,饳
36,duó,夺,rob
36,duān,耑,specialized
37,duī,堆,heap
37,duō,多,much
37,duǎn,短,short
37,duǒ,朵,earlobe
37,dà,大,big
38,dài,代,era
38,dàn,旦,dawn
38,dàng,凼,ditch
38,dào,到,go to
38,dá,达,reach
39,dèng,邓,surname
39,dé,得,get
39,dì,弟,i
39,dìng,订,arrange
39,dí,狄,surnam
40,dòng,动,move
40,dòu,斗,Chinese peck
40,dù,芏
40,dùn,囤,grain basket
40,dú,毒,poison
41,dā,荅,thick
41,dāi,呔,a tire
41,dān,担,carry
41,dāng,当,bear
41,dāo,刀,knife
42,dēng,灯,lamp
42,děng,等
42,dī,低,low
42,dīng,丁,robust
42,dōng,冬,winter
43,dōu,都,all
43,dū,督,direct
43,dūn,吨,metric ton
43,dǎ,打,hit
43,dǎi,歹,bad
44,dǎn,胆,bravery
44,dǎng,挡,stop
44,dǎo,导,lead
44,dǐ,诋,slander
44,dǐng,顶,top
45,dǒng,董,direct
45,dǒu,抖,shake
45,dǔ,笃,deep
45,dǔn,盹,to doze
45,fiào,覅
46,fu,禣
46,fà,珐,enamel
46,fàn,犯,violate
46,fàng,放,put
46,fá,乏,lack
47,fán,凡,all
47,fáng,防,defend
47,fèi,芾,lush
47,fèn,份,part
47,fèng,凤,male phoenix
48,féi,肥,fat
48,fén,坟,grave
48,féng,冯,surname
48,fù,讣,obituary
48,fú,弗,not
49,fā,发,issue
49,fān,帆,sail
49,fāng,匚,box
49,fēi,飞,fly
49,fēn,分,divide
50,fēng,丰,lush
50,fěi,诽,slander
50,fěn,粉,powder
50,fěng,讽,recite
50,fū,夫,man
51,fǎ,法,law
51,fǎn,反,anti
51,fǎng,仿,copy
51,fǒu,缶,rad. 121
51,fǔ,呒,unclear
52,guà,诖,error
52,guài,怪,strange
52,guàn,掼,know
52,guàng,逛,roam
52,guì,刿,stab
53,guò,过,pass
53,guó,国,nation
53,guā,瓜,melon
53,guāi,乖,rebel
53,guān,观,see
54,guāng,光,light
54,guī,归,return
54,guō,呙,chat
54,guǎ,剐,cut
54,guǎi,拐,turn
55,guǎn,莞,smiling
55,guǎng,广,wide
55,guǐ,宄,a traitor
55,guǒ,果,fruit
55,gà,尬,limp
56,gài,丐,beg
56,gàn,干,oppose
56,gàng,戆,stupid
56,gào,告,tell
56,gá,钆,gadolinium
57,gè,个,piece
57,gèn,亘,from
57,gèng,更,more
57,gé,阁,chamber
57,gén,哏
58,gòng,共,all
58,gòu,诟,abuse
58,gù,固,solidify
58,gùn,棍,stick
58,gā,旮,nook
59,gāi,陔,a step
59,gān,甘,sweet
59,gāng,刚,hard
59,gāo,羙
59,gē,戈,spear
60,gēn,根,root
60,gēng,耕,plow
60,gě,哿,excellent
60,gěi,给,by
60,gěng,绠,well rope
61,gōng,弓,bow
61,gōu,勾,hook
61,gū,估,guess
61,gǎi,改,change
61,gǎn,秆,straw
62,gǎng,岗,post
62,gǎo,杲,high
62,gǒng,巩,bind
62,gǒu,苟,but
62,gǔ,古,old
63,gǔn,袬
63,he,粭
63,hu,粐
63,hua,糀
63,huan,瞣
64,huà,化,-ize
64,huài,坏,bad
64,huàn,幻,mirage
64,huá,华,flowery
64,huái,怀,bosom
65,huán,环,ring
65,huáng,皇,royal
65,huì,卉,myriads
65,huí,回,return
65,huò,货,goods
66,huó,活,live
66,huā,花,flower
66,huān,欢,joy
66,huāng,荒,desert
66,huī,灰,ashes
67,huō,劐,destroy
67,huǎn,缓,slow
67,huǎng,恍,seemingly
67,huǐ,悔,repent
67,huǒ,火,fire
68,hài,骇,scare
68,hàn,汗,sweat
68,hàng,沆,fog
68,hào,号,mark
68,há,蛤,clam
69,hái,还,yet
69,hán,邯,various
69,háng,迒
69,háo,毫,fine hair
69,hè,贺,congratulate
70,hèn,恨,hate
70,hé,禾,rice plant
70,hén,痕,scar
70,héng,恒,constant
70,hòng,讧,confusion
71,hòu,后,queen
71,hóng,弘,great
71,hóu,侯,lord
71,hù,互,mutually
71,hùn,诨,jokes
72,hú,囫,entire
72,hún,浑,mix
72,hā,铪,hafnium
72,hāi,咳,cough
72,hān,顸,stupid
73,hāng,夯,burden
73,hāo,蒿,mugwort
73,hē,诃,curse
73,hēi,黒,black
73,hēng,亨,smoothly
74,hěn,狠,cruel
74,hōng,轰,rumble
74,hōu,齁,very
74,hū,忽,suddenly
74,hūn,昏,dusk
75,hǎi,胲
75,hǎn,罕,rare
75,hǎo,好,good
75,hǒu,吼,roar
75,hǔ,虎,tiger
76,hǔn,鯶
76,jian,礀
76,jin,砛
76,jià,价,price
76,jiàn,见,see
77,jiàng,匠,artisan
77,jiào,叫,cry
77,jiá,郏,surname
77,jiè,介,herald
77,jié,孑,lonely
78,jiù,旧,old
78,jiā,加,add to
78,jiān,戋,small
78,jiāng,江,yangzi
78,jiāo,艽
79,jiē,阶,rank
79,jiě,姐,young lady
79,jiōng,絅,dust coat
79,jiū,纠,inspect
79,jiǎ,甲,armor
80,jiǎn,囝,baby
80,jiǎng,讲,talk
80,jiǎo,角,horn
80,jiǒng,炅,brilliance
80,jiǔ,九,nine
81,juàn,狷,rash
81,jué,孓,beautiful
81,juān,涓,brook
81,juē,噘,pouting
81,juǎn,卷,curl
82,jì,计,plan
82,jìn,妗
82,jìng,迳,pass by
82,jí,及,and
82,jù,巨,large
83,jùn,俊,talented
83,jú,局,bureau
83,jī,讥,jeer
83,jīn,巾,towel
83,jīng,茎,stem
84,jū,苴,sackcloth
84,jūn,军,army
84,jǐ,几,small table
84,jǐn,仅,only
84,jǐng,井,well
85,jǔ,咀,suck
85,kong,躻
85,kuà,挎,carry
85,kuài,块,piece
85,kuàng,邝,surname
86,kuáng,狂,mad
86,kuì,匮,to lack
86,kuí,隗,high
86,kuò,扩,expand
86,kuā,夸,handsome
87,kuān,宽,broad
87,kuāng,匡,correct
87,kuī,亏,lose
87,kuǎ,垮,fail
87,kuǎi,蒯,a rush
88,kuǎn,款,item
88,kuǎng,夼
88,kuǐ,頍
88,kài,忾,anger
88,kàn,看,look
89,kàng,亢,high
89,kào,铐,shackles
89,káng,扛,lift
89,kè,克,gram
89,ké,壳,husk
90,kòng,控,accuse
90,kòu,叩,ask
90,kù,库,armory
90,kùn,困,beseige
90,kā,咖,coffee
91,kāi,开,open
91,kān,刊,publish
91,kāng,闶,door
91,kāo,尻,sacrum
91,kē,苛,small
92,kēng,吭,throat
92,kě,可,may
92,kěn,肻
92,kōng,空,empty
92,kōu,芤
93,kū,郀
93,kūn,坤,earth
93,kǎ,卡,card
93,kǎi,剀,sharpen
93,kǎn,坎,pit
94,kǎo,考,test
94,kǒng,孔,hole
94,kǒu,口,mouth
94,kǔ,苦,bitter
94,kǔn,悃,loyal
95,la,鞡,leg warmer
95,lao,蛯,shrimp
95,le,了,to finish
95,liàn,练,drill
95,liàng,亮,bright
96,liào,尥
96,lián,奁
96,liáng,良,good
96,liáo,辽,far
96,liè,劣,bad
97,liù,六,number six
97,liú,刘,kill
97,liāo,撩,raise
97,liě,咧,grin
97,liū,溜,slide
98,liǎ,俩,two
98,liǎn,敛,collect
98,liǎng,两,two
98,liǎo,钌,ruthenium
98,liǔ,柳,pleasure
99,lu,鈩,oven
99,luàn,乱,revolt
99,luán,娈,lovely
99,luò,荦,brindled ox
99,luó,脶,lines
100,luō,罗,gauze
100,luǎn,卵,egg
100,luǒ,倮,bare
100,là,腊,dried meat
100,lài,赉,give
101,làn,烂,rotten
101,làng,莨,herb
101,lào,涝,flood
101,lá,旯,nook
101,lái,来,come
102,lán,兰,orchid
102,láng,郎,husband
102,láo,牢,pen
102,lè,仂,remainder
102,lèi,泪,cry
103,lèng,愣,be in a daze
103,léi,雷,thunder
103,léng,棱,edge
103,lì,力,power
103,lìn,吝,stingy
104,lìng,另,other
104,lí,狸,fox
104,lín,邻,neighbor
104,líng,伶,lonely
104,lòu,陋,ugly
105,lóng,龙,dragon
105,lóu,娄,surname
105,lù,陆,land
105,lùn,论,debate
105,lú,卢,hut
106,lún,囵,all
106,lüè,掠,rob
106,lā,垃,waste
106,lāo,捞,fish
106,lē,肋,ribs
107,lēi,勒,strangle
107,lěi,耒,plow
107,lěng,冷,cold
107,lī,哩,mile
107,līn,拎,to haul
108,lōu,䁖,to see
108,lū,撸
108,lūn,抡,swing
108,lǎ,喇,horn
108,lǎn,览,look at
109,lǎng,朗,clear
109,lǎo,老,old
109,lǐ,礼,manners
109,lǐn,廪,granary
109,lǐng,袊
110,lǒng,垅,mound
110,lǒu,搂,hug
110,lǔ,卤,salt
110,lǘ,驴,ass
110,lǚ,吕,surname
111,lǜ,律,statute
111,me,么,tender
111,miàn,靣
111,miào,妙,subtle
111,mián,眠,sleep
112,miáo,苗,sprouts
112,miè,灭,wipe out
112,miù,谬,error
112,miē,乜,to squint
112,miǎn,沔,flood
113,miǎo,杪,twig
113,mo,麿,I
113,mà,犸,mammoth
113,mài,迈,pass by
113,màn,曼,long
114,mào,芼,greens
114,má,麻,hemp
114,mái,埋,bury
114,mán,蛮,savage
114,máng,忙,busy
115,máo,毛,hair
115,mèi,祙,demon
115,mèn,闷,gloomy
115,mèng,孟,great
115,méi,没,not
116,mén,门,gate
116,méng,虻,gadfly
116,mì,汨,to sink
116,mìng,命,life
116,mí,罙,deep
117,mín,民,people
117,míng,名,name
117,mò,末,end
117,mó,谟,plan
117,móu,牟,make
118,mù,木,tree
118,mā,妈,mama
118,mān,颟,dawdling
118,māo,猫,cat
118,měi,每,every
119,měng,猛,bold
119,mī,咪
119,mō,摸,caress
119,mōu,哞,moo
119,mǎ,马,horse
120,mǎi,买,buy
120,mǎn,满,fill
120,mǎng,莽,thicket
120,mǎo,泖,still waters
120,mǐ,芈,surname
121,mǐn,闵,mourn
121,mǐng,酩,drunk
121,mǒ,抹,smear
121,mǔ,母,mother
121,nao,脳,brain
122,niàn,廿,twenty
122,niàng,酿,brew
122,niào,尿,urine
122,nián,年
122,niáng,娘,wife
123,niè,陧,in disorder
123,nié,苶,weary
123,niú,牛,cow
123,niān,拈,draw lots
123,niē,捏,mold
124,niū,妞,girl
124,niǎn,跈
124,niǎo,鸟,bird
124,niǔ,狃,to covet
124,nuò,诺,promise
125,nuó,挪,move
125,nuǎn,暖,warm
125,nà,那,that
125,nài,奈,but
125,nào,闹,quarrel
126,ná,拿,take
126,nán,男,male
126,náng,囊,bag
126,náo,呶,hubbub
126,nè,讷,mumble
127,nèi,内,inside
127,nèn,恁,so
127,néng,能,can
127,nì,昵,close
127,nìng,佞,glib
128,ní,尼,Buddhist nun
128,nín,您
128,níng,宁,calm
128,nòng,弄,do
128,nòu,耨,hoe
129,nóng,农,farmer
129,nóu,羺
129,nù,怒,anger
129,nú,奴,slave
129,nüè,疟,malaria
130,nān,囡
130,nāng,囔,muttering
130,nāo,孬,bad
130,něi,馁,hungry
130,nī,妮,maid
131,nǎi,乃,then
131,nǎn,赧,blush
131,nǎng,曩,of old
131,nǎo,垴,small
131,nǐ,拟,draft
132,nǐng,矃
132,nǔ,努,strive
132,nǚ,女,woman
132,nǜ,恧
132,o,筽
133,pao,萢
133,pian,魸
133,piàn,片,slice
133,piào,票,ticket
133,pián,骈,join
134,piáo,嫖,frequent
134,piān,偏,slanting
134,piāo,剽,rob
134,piē,氕,protium
134,piě,苤,kohl rabi
135,piǎn,谝,brag
135,piǎo,瞟,squint
135,pu,贌
135,pà,帕,veil
135,pài,派,sect
136,pàn,判,judge
136,pàng,胖,fat
136,pào,泡,suds
136,pá,杷,loquat
136,pái,俳,actor
137,pán,盘,tray
137,páng,庞,big
137,páo,刨
137,pèi,沛,full
137,pèng,碰,collide
138,péi,陪,be with
138,pén,盆,tub
138,péng,朋,pal
138,pì,屁,fart
138,pìn,牝,deep gorge
139,pí,皮,skin
139,pín,贫,poor
139,píng,平,flat
139,pò,迫,coerce
139,pó,婆,old woman
140,póu,掊,injure
140,pù,铺,shop
140,pú,匍,crawl
140,pā,趴,lying prone
140,pāi,拍,clap
141,pān,眅,inlay
141,pāng,滂,torrential
141,pāo,抛,throw (away)
141,pēi,肧,embryo
141,pēn,喷,spurt
142,pēng,怦,eager
142,pěn,翸
142,pī,丕,great
142,pīn,拼,link
142,pīng,俜,to trust to
143,pō,钋,polonium
143,pōu,剖,slice
143,pū,攴,rap
143,pǎng,耪,plow
143,pǎo,跑,run
144,pǐ,庀,to prepare
144,pǐn,品,article
144,pǒ,叵,cannot
144,pǔ,朴,simple
144,qi,螧
145,qian,竏,kiloliter
145,qià,洽,to cover
145,qiàn,欠,owe
145,qiào,陗,a steep hill
145,qián,钤,lock
146,qiáng,强,strong
146,qiáo,乔,tall
146,qiè,切,cut
146,qié,聺
146,qióng,邛,a mound
147,qiú,犰,armadillo
147,qiā,掐,hold
147,qiān,千,many
147,qiāng,羌,surname
147,qiāo,悄,silent
148,qiě,且,moreover
148,qiū,丘,hill
148,qiǎ,跒
148,qiǎn,浅,shallow
148,qiǎng,抢,rob
149,qiǎo,巧,clever
149,quàn,劝,urge
149,quán,权,power
149,què,却,but
149,qué,瘸,leg
150,quān,悛,repent
150,quē,缺,gap
150,quǎn,犬,dog
150,qì,气,steam
150,qìn,吣,vomit
151,qìng,庆,celebrate
151,qí,亓,her
151,qín,芹,celery
151,qíng,情,feeling
151,qù,去,leave
152,qú,劬,toil
152,qún,裙,skirt
152,qī,七,seven
152,qīn,钦,respect
152,qīng,青,blue
153,qū,区,area
153,qūn,逡,retreat
153,qǐ,乞,beg
153,qǐn,笉
153,qǐng,顷,a moment
154,qǔ,取,take
154,rong,穃
154,ru,込,go into
154,ruì,芮
154,ruí,蕤,delicate
155,ruò,若,if
155,ruǎn,朊
155,ruǐ,蕋,flower buds
155,ràng,让,allow
155,rào,绕,entwine
156,rán,肰
156,ráng,禳,exorcise
156,ráo,娆,graceful
156,rè,热,hot
156,rèn,刃,cutlery
157,rén,人,man
157,réng,仍,yet
157,rì,日,sun
157,ròng,鴧
157,ròu,肉,flesh
158,róng,戎,arms
158,róu,柔,soft
158,rù,入,enter
158,rùn,闰,extra
158,rú,如,if
159,rēng,扔,throw
159,rě,惹,vex
159,rěn,忍,bear
159,rōng,茸,soft
159,rǎn,冉,weak
160,rǎng,攘,seize
160,rǎo,扰,annoy
160,rǒng,冗,excessive
160,rǔ,汝,you
160,sao,螦
161,se,穯
161,sha,繌
161,shang,裳,skirt
161,shen,鰰
161,shi,匙,spoon
162,shuài,帅,commander
162,shuàn,涮,rinse
162,shuì,稅,tax
162,shuí,脽
162,shuò,烁,shine
163,shuā,刷,brush
163,shuāi,衰,decline
163,shuān,闩,bolt
163,shuāng,双,pair
163,shuō,说,say
164,shuǎ,耍,play
164,shuǎi,甩,discard
164,shuǎng,爽,happy
164,shuǐ,水,water
164,shà,啥,what?
165,shài,晒,dry in sun
165,shàn,讪,abuse
165,shàng,上,top
165,shào,劭,encourage
165,sháo,勺,spoon
166,shè,厍,surname
166,shèn,肾,kidneys
166,shèng,圣,holy
166,shé,舌,tongue
166,shén,什,mixed
167,shéng,绳,rope
167,shì,士,scholar
167,shí,十,ten
167,shòu,寿,old age
167,shù,术,art
168,shùn,顺,obey
168,shú,赎,buy
168,shā,杀,kill
168,shāi,筛,sieve
168,shān,彡,hair
169,shāng,伤,wound
169,shāo,捎,to take
169,shē,猞
169,shēn,申,report
169,shēng,升,arise
170,shě,舍,house
170,shěn,邥
170,shěng,省,save
170,shī,尸,corpse
170,shōu,收,collect
171,shū,殳,kill
171,shǎ,傻,silly
171,shǎi,繺
171,shǎn,闪,flash
171,shǎng,晌,noon
172,shǎo,少,few
172,shǐ,矢,vow
172,shǒu,手,hand
172,shǔ,暑,hot
172,shǔn,吮,sip
173,su,鯂
173,suo,嗦,suck
173,suàn,祘,to calculate
173,suì,岁,year
173,suí,绥,soothe
174,suò,逤
174,suān,酸,tart
174,suī,虽,although
174,suō,娑,dance
174,suǐ,髓,essences
175,suǒ,所,place
175,sà,卅,thirty
175,sài,赛,race
175,sàn,散,scatter
175,sàng,丧,mourn
176,sào,埽,broom
176,sè,色,hue
176,sì,四,four
176,sòng,讼,accuse
176,sòu,嗽,cough
177,sù,夙,dawn
177,sú,俗,vulgar
177,sā,撒,relax
177,sāi,腮,jaw
177,sān,三,three
178,sāng,桑,surname
178,sāo,搔,to scratch
178,sēn,森,forest
178,sēng,僧,monk
178,sī,丝,silk
179,sōng,忪,quiet
179,sōu,蓃
179,sū,苏
179,sūn,孙,surname
179,sǎ,洒,pour
180,sǎn,伞,umbrella
180,sǎng,嗓,voice
180,sǎo,扫,sweep
180,sǐ,死,die
180,sǒng,怂,arouse
181,sǒu,叟,elder
181,sǔn,隼,a falcon
181,tai,粏
181,ti,笹,small bamboo
181,tian,碵
182,tiào,粜,sell grains
182,tián,田,field
182,tiáo,条,clause
182,tiān,天,sky
182,tiāo,佻,delay
183,tiē,帖,notice
183,tiě,铁,iron
183,tiǎn,忝,ashamed
183,tiǎo,窕,slender
183,tu,莵,dodder
184,tuàn,彖,a hog
184,tuán,团,ball
184,tuì,退,retreat
184,tuí,颓,ruined
184,tuò,柝
185,tuó,陁,a steep bank
185,tuān,湍,rapids
185,tuī,推,push
185,tuō,乇,to depend on
185,tuǎn,疃,hamlet
186,tuǐ,腿,legs
186,tuǒ,妥,satisfactory
186,tà,拓,expand
186,tài,太,very
186,tàn,叹,sigh
187,tàng,烫,scald
187,tào,套,case
187,tá,蹹,to walk
187,tái,台,unit
187,tán,坛,altar
188,táng,饧,sugar
188,táo,迯,flee
188,tè,忑,timid
188,téng,疼,aches
188,tì,迏
189,tí,荑,tares
189,tíng,廷,court
189,tòng,恸,grief
189,tòu,透,penetrate
189,tóng,仝,same
190,tóu,头,head
190,tù,兔,hare
190,tú,图,map
190,tún,屯,camp
190,tā,它,it
191,tāi,胎,fetus
191,tān,坍,collapse
191,tāng,汤,soup
191,tāo,绦,ribbon
191,tēng,膯
192,tī,剔,pick out
192,tīng,厅,hall
192,tōng,通,common
192,tōu,偷,thief
192,tū,凸,convex
193,tūn,吞,annex
193,tǎ,塔,tower
193,tǎn,忐,timorous
193,tǎng,帑,a treasury
193,tǎo,讨,beg
194,tǐ,体,body
194,tǐng,挺,rigid
194,tǒng,统,govern
194,tǒu,紏
194,tǔ,土,soil
195,tǔn,氽,to float
195,wa,哇,vomit
195,wà,袜,socks
195,wài,外,out
195,wàn,万,ten thousand
196,wàng,妄,absurd
196,wá,娃,baby
196,wán,丸,pill
196,wáng,亡,death
196,wèi,卫,guard
197,wèn,问,ask about
197,wèng,瓮,earthen jar
197,wéi,韦,surname
197,wén,文,culture
197,wò,沃,water
198,wù,勿,never
198,wú,毋,not
198,wā,穵
198,wāi,歪,slant
198,wān,弯,bend
199,wāng,汪,vast
199,wēi,危,high
199,wēn,温,lukewarm
199,wēng,翁,old man
199,wěi,伪,false
200,wěn,刎,behead
200,wěng,蓊,lush
200,wō,挝,to beat
200,wū,乌,crow
200,wǎ,瓦,tile
201,wǎi,崴,high
201,wǎn,宛,seem
201,wǎng,网,net
201,wǒ,我,i
201,wǔ,午,noon
202,xi,礂
202,xià,下,under
202,xiàn,岘,steep hill
202,xiàng,向,toward
202,xiào,孝,mourning
203,xiá,匣,case
203,xián,闲,fence
203,xiáng,详,detailed
203,xiáo,淆,confused
203,xiè,缷,lay down
204,xié,邪,wrong
204,xiòng,诇,to spy
204,xióng,雄,hero
204,xiù,秀,refined
204,xiā,虲
205,xiān,仙,immortal
205,xiāng,乡,rural
205,xiāo,枭,owl thus
205,xiē,些,few
205,xiě,写,write
206,xiōng,凶,bad
206,xiū,休,rest
206,xiǎn,冼,a surname
206,xiǎng,享,enjoy
206,xiǎo,小,small
207,xiǔ,朽,rot
207,xu,蓿,clover
207,xuàn,泫,weep
207,xuán,玄,deep
207,xuè,血,blood
208,xué,穴,cave
208,xuān,轩,high
208,xuē,削,pare
208,xuě,雪,snow
208,xuǎn,选,choose
209,xì,戏,show
209,xìn,囟,skull
209,xìng,兴,thrive
209,xí,习,practice
209,xíng,邢
210,xù,旭,radiant
210,xùn,讯,ask
210,xú,徐,slowly
210,xún,驯,tame
210,xī,夕,dusk
211,xīn,心,heart
211,xīng,星,a star
211,xū,吁
211,xūn,勋,rank
211,xǐ,洗,wash
212,xǐng,醒,wake up
212,xǔ,许,allow
212,yan,軅
212,yi,鶍
212,yin,粌
213,ying,軈,soon
213,yu,荢
213,yuan,鈨
213,yun,繧
213,yuàn,肙,empty
214,yuán,元,first
214,yuè,月,moon
214,yuān,鸢,kite
214,yuē,曰,say
214,yuǎn,远,far
215,yà,轧,grind
215,yàn,闫,village gate
215,yàng,怏,sad
215,yào,钥,key
215,yá,牙,tooth
216,yán,延,delay
216,yáng,羊,sheep
216,yáo,姚,handsome
216,yè,叶,to rhyme
216,yé,爷,father
217,yì,弋,catch
217,yìn,印,print
217,yìng,映,project
217,yí,仪,admire
217,yín,吟,sing
218,yíng,迎,greet
218,yòng,用,use
218,yòu,又,and
218,yóng,颙,solemn
218,yóu,尢,weak
219,yù,肀,pen
219,yùn,孕,pregnancy
219,yú,于,in
219,yún,匀,equal
219,yā,丫,forked
220,yān,恹,calm
220,yāng,央,beg
220,yāo,幺,one
220,yē,掖,tuck in
220,yě,也,also
221,yī,一,a
221,yīn,阴
221,yīng,应,must
221,yō,哟,ah
221,yōng,拥,hug
222,yōu,优,actor
222,yū,纡,bend
222,yūn,晕,fog
222,yǎ,哑,dumb
222,yǎn,兖,establish
223,yǎng,仰,admire
223,yǎo,杳,dark
223,yǐ,乙,second
223,yǐn,尹,govern
223,yǐng,郢
224,yǒng,永,long
224,yǒu,友,friend
224,yǔ,与,and
224,yǔn,允,to grant
224,zhang,鏱
225,zhe,著,manifest
225,zhuàn,啭,sing
225,zhuàng,壮,big
225,zhuì,坠,drop
225,zhuó,灼,burn
226,zhuā,抓,grab
226,zhuāi,拽,drag
226,zhuān,专,monopolize
226,zhuāng,妆,dress up
226,zhuī,隹,bird
227,zhuō,拙,stupid
227,zhuǎn,转,shift
227,zhà,乍,first time
227,zhài,债,debt
227,zhàn,占,divine
228,zhàng,丈,man
228,zhào,召,summon
228,zhá,札,note
228,zhái,宅,home
228,zhán,讝
229,zhè,这,this
229,zhèn,阵,column
229,zhèng,正,right
229,zhé,折,snap
229,zhì,阤,hill
230,zhí,执,keep
230,zhòng,仲,surname
230,zhòu,纣,saddle part
230,zhóu,妯
230,zhù,伫
231,zhú,竹,bamboo
231,zhā,扎,pull up
231,zhāi,斋,study
231,zhān,沾,wet
231,zhāng,张,sheet
232,zhāo,钊,cut
232,zhē,蜇,jellyfish
232,zhēn,贞,pure
232,zhēng,争,fight
232,zhě,者,he who
233,zhěn,诊,diagnose
233,zhěng,拯,help
233,zhī,之,it
233,zhōng,中,central
233,zhōu,舟,boat
234,zhū,朱,cinnabar
234,zhūn,迍,falter
234,zhǎ,苲
234,zhǎi,窄,narrow
234,zhǎn,斩,cut
235,zhǎng,长,long
235,zhǎo,爪,claw
235,zhǐ,止,stop
235,zhǒng,肿,swell
235,zhǒu,肘,the elbow
236,zhǔ,主,host
236,zhǔn,准,allow
236,zi,子,child
236,zou,鯐
236,zun,鶎
237,zuo,蓙,a mat
237,zuàn,攥,grip
237,zuì,最,most
237,zuò,坐,sit
237,zuó,昨,past
238,zuān,钻,drill
238,zuī,纗
238,zuǎn,繤,edit
238,zuǐ,嘴,mouth
238,zuǒ,左,left
239,zài,再,re-
239,zàn,暂,temporary
239,zàng,奘,large
239,zào,皂,soap
239,zá,杂,mix
240,zán,咱,we
240,záo,凿,bore
240,zè,仄,slanting
240,zèn,谮,to slander
240,zèng,锃,polish
241,zé,则,rule
241,zéi,贼,thief
241,zì,字,word
241,zòng,纵,indulge in
241,zòu,奏,report
242,zùn,銌
242,zú,足,foot
242,zā,匝,encircle
242,zāi,灾,calamity
242,zān,糌
243,zāng,赃,booty
243,zāo,遭,meet with
243,zēng,鄫
243,zī,茊
243,zōng,宗,clan
244,zōu,邹,surname
244,zū,租,rent
244,zūn,尊,honor
244,zǎ,咋,loud
244,zǎi,宰,to rule
245,zǎn,昝,I
245,zǎng,驵,noble steed
245,zǎo,早,early
245,zǐ,仔,child
245,zǒng,总,collect
246,zǒu,走,walk
246,zǔ,诅,curse
246,zǔn,撙,economize
246,ài,艾,mugwort
246,àn,犴,a wild dog
247,àng,盎,cup
247,ào,岙,island
247,ái,捱,put off
247,áng,昂,rise
247,áo,敖,ramble
248,è,厄,adversity
248,èr,二,two
248,é,讹,cheat
248,ér,儿,son
248,òu,怄,annoyed
249,ā,阿
249,āi,哀,sad
249,ān,安,quiet
249,āng,肮,dirty
249,āo,凹,concave
250,ē,钶,columbium
250,ēn,恩,mercy
250,ě,頋,to care for
250,ěr,尔,you
250,ō,噢,moan
251,ōu,讴,sing
251,ǎi,矮,low
251,ǎn,俺,I
251,ǎo,拗,drag
251,ǒu,呕,vomit
