0,的,,,possessive,,de
0,一,,,a,,yī,,one,,an,,alone
0,是,,,yes,,shì,,this,,that,,indeed,,right
0,不,,,no,,bù,,not,,un-
0,了,,,to finish,,le
1,在,,,in,,zài,,on,,be at,,rest,,consist in
1,人,,,man,,rén,,people,,mankind
1,有,,,have,,yǒu,,own,,exist,,possess
1,我,,,i,,wǒ,,our,,us,,me,,my
1,他,,,he,,tā,,it,,she,,other,,another
2,这,,,this,,zhè,,the,,here
2,个,,,piece,,gè,,single
2,中,,,central,,zhōng,,center,,middle,,attain
2,来,,,come,,lái,,coming,,return,,returning
2,上,,,top,,shàng,,go up,,highest,,send up,,superior
3,大,,,big,,dà,,vast,,high,,great,,large
3,和,,,calm,,hé,,peace,,harmony,,peaceful
3,国,,,nation,,guó,,country
3,说,,,say,,shuō,,speak,,talk,,scold,,upbraid
3,时,,,time,,shí,,era,,age,,season,,period
4,出,,,go out,,chū,,stand,,produce,,send out
4,会,,,assemble,,huì,,meeting
4,你,,,you,,nǐ
4,对,,,right,,duì,,correct,,facing,,opposed
4,生,,,life,,shēng,,birth,,living,,lifetime
5,能,,,can,,néng,,ability,,to be able
5,子,,,child,,zi,,fruit,,seed of,,offspring
5,那,,,that,,nà,,those,,that one
5,下,,,under,,xià,,down,,below,,inferior,,underneath
5,后,,,queen,,hòu,,empress,,sovereign,,(simp. for
6,作,,,make,,zuò,,act,,work,,write,,compose
6,里,,,lane,,lǐ,,village
6,家,,,house,,jiā,,home,,family,,residence
6,多,,,much,,duō,,many,,over,,more than
6,么,,,tender,,me
7,去,,,leave,,qù,,go away,,depart
7,学,,,school,,xué,,learning,,knowledge
7,都,,,all,,dōu,,capital,,elegant,,refined,,metropolis
7,同,,,same,,tóng,,similar
7,现,,,appear,,xiàn,,manifest
8,没,,,not,,méi,,none,,sink,,drown,,have not
8,面,,,face,,miàn,,side,,plane,,surface,,dimension
8,起,,,rise,,qǐ,,go up,,begin,,stand up
8,看,,,look,,kàn,,see,,examine,,scrutinize
8,天,,,sky,,tiān,,god,,heaven,,celestial
9,分,,,divide,,fēn
9,好,,,good,,hǎo,,fine,,well,,excellent
9,小,,,small,,xiǎo,,tiny
9,些,,,few,,xiē,,little,,rather,,somewhat
9,样,,,shape,,yàng,,form,,style,,pattern
10,她,,,she,,tā,,her
10,本,,,root,,běn,,basis,,origin,,source
10,前,,,in front,,qián,,forward,,preceding
10,开,,,open,,kāi,,begin,,start,,initiate
10,想,,,think,,xiǎng,,plan,,consider,,speculate
11,机,,,desk,,jī,,moment,,machine
11,十,,,ten,,shí,,tenth,,perfect,,complete
11,工,,,labor,,gōng,,work,,worker,,laborer
11,明,,,bright,,míng,,light,,clear,,brilliant
11,三,,,three,,sān
12,关,,,close,,guān,,relation
12,点,,,dot,,diǎn,,spot,,speck,,point,,degree
12,高,,,high,,gāo,,tall,,lofty,,elevated
12,很,,,very,,hěn,,much,,quite
12,见,,,see,,jiàn,,behold,,observe,,perceive
13,什,,,mixed,,shén
13,二,,,two,,èr,,twice
13,果,,,fruit,,guǒ,,result
13,西,,,west(ern),,xī,,westward,,occident
13,月,,,moon,,yuè,,month
14,话,,,talk,,huà,,speech,,dialect,,language
14,回,,,return,,huí,,a time,,turn around
14,老,,,old,,lǎo,,aged,,experienced
14,先,,,first,,xiān,,former,,previous
14,儿,,,son,,ér,,child
15,东,,,east,,dōng,,eastern,,eastward
15,水,,,water,,shuǐ,,juice,,liquid,,lotion
15,名,,,name,,míng,,rank,,title,,position
15,几,,,small table,,jǐ
15,认,,,know,,rèn,,recognize,,understand
16,系,,,line,,xì,,link,,system,,connection
16,气,,,steam,,qì,,vapor
16,打,,,hit,,dǎ,,beat,,strike,,fight,,attack
16,女,,,woman,,nǚ,,girl,,rad. 38,,feminine
16,四,,,four,,sì
17,电,,,electric,,diàn,,lightning,,electricity
17,少,,,few,,shǎo,,less,,inadequate
17,太,,,very,,tài,,too,,big,,much,,extreme
17,再,,,re-,,zài,,again,,twice
17,做,,,work,,zuò,,act,,make
18,期,,,date,,qī,,time limit
18,五,,,five,,wǔ,,surname
18,书,,,book,,shū,,letter,,document,,writings
18,听,,,hear,,tīng,,obey,,comply,,understand
18,住,,,stop,,zhù,,reside,,dwell,,lodge,,live at
19,北,,,north,,běi,,northern,,northward
19,觉,,,conscious,,jué
19,师,,,teacher,,shī,,master,,specialist
19,今,,,now,,jīn,,today,,modern era
19,院,,,yard,,yuàn,,court,,school,,courtyard
20,识,,,know,,shí,,recognize,,understand
20,候,,,wait,,hòu,,visit,,greet,,expect
20,飞,,,fly,,fēi,,dart,,high,,go quickly
20,车,,,cart,,chē,,vehicle
20,服,,,wear,,fú,,dress,,clothes
21,叫,,,cry,,jiào,,hail,,call,,shout,,greet
21,影,,,shadow,,yǐng,,image,,reflection,,photograph
21,字,,,word,,zì,,letter,,character
21,爱,,,love,,ài,,like,,be fond of
21,商,,,trade,,shāng,,commerce,,business
22,请,,,ask,,qǐng,,invite,,please,,request
22,视,,,see,,shì,,look at,,inspect,,observe
22,九,,,nine,,jiǔ
22,写,,,write,,xiě,,draw,,sketch,,compose
22,八,,,eight,,bā,,all sides,,all around
23,吃,,,eat,,chī,,bear,,drink,,suffer,,endure
23,六,,,number six,,liù
23,医,,,cure,,yī,,heal,,doctor,,medical
23,号,,,mark,,hào,,sign,,symbol,,number
23,语,,,words,,yǔ,,saying,,language,,expression
24,七,,,seven,,qī
24,兴,,,thrive,,xìng,,prosper,,flourish
24,星,,,a star,,xīng,,planet
24,京,,,capital city,,jīng
24,客,,,guest,,kè,,customer,,traveller
25,友,,,friend,,yǒu,,companion,,fraternity
25,钱,,,money,,qián,,coins,,currency
25,热,,,hot,,rè,,heat,,zeal,,fever,,restless
25,坐,,,sit,,zuò,,seat,,ride,,travel by
25,校,,,school,,xiào
26,脑,,,brain,,nǎo
26,喜,,,like,,xǐ,,love,,enjoy
26,习,,,practice,,xí
26,欢,,,joy,,huān,,happy,,glad,,enjoy,,pleased
26,冷,,,cold,,lěng,,cool,,lonely
27,衣,,,skin,,yī,,cover,,clothes,,clothing
27,妈,,,mama,,mā,,mother
27,读,,,read,,dú,,study,,pronounce
27,买,,,buy,,mǎi,,bribe,,purchase,,persuade
27,岁,,,year,,suì,,age,,harvest
28,块,,,piece,,kuài,,lump,,dollar
28,姐,,,young lady,,jiě,,elder sister
28,亮,,,bright,,liàng,,light,,radiant,,brilliant
28,朋,,,pal,,péng,,friend
28,谢,,,thank,,xiè,,decline
29,钟,,,clock,,zhōng,,bell
29,雨,,,rain,,yǔ,,rainy
29,饭,,,food,,fàn,,meal,,cooked rice
29,睡,,,sleep,,shuì,,doze
29,喝,,,drink,,hē,,shout,,call out
30,午,,,noon,,wǔ
30,店,,,shop,,diàn,,inn,,store,,hotel
30,爸,,,papa,,bà,,father
30,桌,,,table,,zhuō,,desk,,stand
30,菜,,,dish,,cài,,food,,order,,vegetables
31,茶,,,tea,,chá
31,狗,,,dog,,gǒu
31,杯,,,cup,,bēi,,glass
31,租,,,rent,,zū,,tax,,lease,,rental
31,昨,,,past,,zuó,,yesterday
32,漂,,,float,,piào,,drift
32,椅,,,chair,,yǐ,,seat
32,猫,,,cat,,māo
32,苹,,,apple,,píng,,artemisia,,duckweed
32,为,,,do,,wèi,,be,,act,,handle,,govern
33,到,,,go to,,dào,,arrive,,been to
33,以,,,thereby,,yǐ,,therefore,,by means of,,consider as,,in order to
33,要,,,necessary,,yào,,essential,,necessity
33,就,,,just,,jiù,,near,,go to,,simply,,to come
33,可,,,may,,kě,,can,,-able,,possibly
34,也,,,also,,yě
34,得,,,get,,dé,,gain,,obtain,,acquire
34,着,,,make move,,zhe,,take action
34,过,,,pass,,guò,,go across
34,道,,,path,,dào,,way,,road,,street,,method
35,所,,,place,,suǒ,,location
35,然,,,yes,,rán,,pledge,,promise,,certainly
35,事,,,affair,,shì,,matter,,business,,to serve,,accident
35,动,,,move,,dòng,,happen,,action,,movement
35,还,,,yet,,hái,,still,,also,,besides
36,进,,,enter,,jìn,,advance
36,但,,,only,,dàn,,but,,yet,,still,,however
36,因,,,by,,yīn,,cause,,reason
36,从,,,by,,cóng,,from,,since,,whence,,through
36,日,,,sun,,rì,,day,,daytime
37,意,,,idea,,yì,,think,,thought,,opinion
37,它,,,it,,tā,,other
37,长,,,long,,zhǎng,,length,,leader,,excel in
37,第,,,grade,,dì,,number,,degree,,sequence
37,公,,,fair,,gōng,,duke,,public,,equitable
38,已,,,stop,,yǐ,,already,,finished
38,情,,,feeling,,qíng,,emotion,,sentiment
38,知,,,know,,zhī,,perceive,,comprehend
38,正,,,right,,zhèng,,proper,,correct
38,外,,,out,,wài,,outside,,foreign,,external
39,两,,,two,,liǎng,,both,,pair,,ounce,,couple
39,间,,,space,,jiān,,place,,midpoint,,locality
39,问,,,ask about,,wèn
39,最,,,most,,zuì,,extremely,,exceedingly
39,手,,,hand,,shǒu
40,体,,,body,,tǐ,,body,,unit,,group,,class
40,新,,,new,,xīn,,fresh,,recent,,modern
40,身,,,body,,shēn,,hull,,trunk
40,表,,,show,,biǎo,,express,,display,,manifest
40,给,,,by,,gěi,,give,,for
41,次,,,order,,cì,,next,,sequence
41,门,,,gate,,mén,,door,,opening,,entrance
41,常,,,common,,cháng,,normal,,regular,,frequent
41,教,,,teach,,jiào,,class
41,比,,,than,,bǐ,,liken,,to compare,,comparison
42,员,,,member,,yuán,,personnel
42,真,,,real,,zhēn,,true,,actual,,genuine
42,走,,,walk,,zǒu,,run,,leave,,go on foot
42,条,,,clause,,tiáo,,string,,stripe,,condition
42,题,,,title,,tí,,theme,,forehead,,headline
43,别,,,other,,bié,,do not,,separate
43,报,,,tell,,bào,,report,,announce
43,务,,,must,,wù,,affairs,,should,,business
43,场,,,field,,chǎng,,market,,open space
43,件,,,matter,,jiàn
44,便,,,ease,,biàn,,expedient,,convenience
44,司,,,manage,,sī,,control,,officer
44,眼,,,eye,,yǎn,,hole,,eyelet,,opening
44,非,,,not,,fēi,,non-,,oppose,,negative
44,白,,,white,,bái,,pure,,bright,,unblemished
45,思,,,think,,sī,,ponder,,consider
45,完,,,whole,,wán,,finish,,settle,,complete
45,色,,,hue,,sè,,color,,tint,,form,,body
45,路,,,road,,lù,,path,,street,,journey
45,告,,,tell,,gào,,inform,,accuse,,announce
46,边,,,edge,,biān,,side,,margin,,border
46,望,,,expect,,wàng,,to hope,,to look at
46,共,,,all,,gòng,,total,,to share
46,让,,,allow,,ràng,,yield,,permit,,concede
46,运,,,run,,yùn
47,笑,,,smile,,xiào,,laugh,,giggle,,snicker
47,步,,,step,,bù,,pace,,walk,,stroll
47,每,,,every,,měi,,each
47,快,,,rapid,,kuài,,fast,,soon,,quick,,speedy
47,往,,,go,,wǎng,,past,,depart,,formerly
48,近,,,near,,jìn,,close,,approach,,intimate
48,夫,,,man,,fū,,those,,husband,,male adult
48,准,,,allow,,zhǔn,,approve,,permit,,in accord
48,始,,,begin,,shǐ,,then,,start,,only then
48,远,,,far,,yuǎn,,distant,,remote,,profound
49,备,,,ready,,bèi,,prepare,,perfect
49,百,,,many,,bǎi,,numerous,,one hundred
49,离,,,strange,,lí,,elegant,,rare beast
49,病,,,illness,,bìng,,disease,,sickness
49,息,,,rest,,xī,,end,,cease,,put stop to
50,火,,,fire,,huǒ,,burn,,rage,,flame,,anger
50,早,,,early,,zǎo,,soon,,morning
50,找,,,seek,,zhǎo,,find,,search,,look for
50,考,,,test,,kǎo,,examine,,investigate
50,红,,,red,,hóng,,blush,,flush,,vermillion
51,虽,,,although,,suī,,even if
51,希,,,rare,,xī,,hope,,expect,,strive for
51,房,,,house,,fáng,,room,,building
51,黑,,,black,,hēi,,dark,,evil,,sinister
51,足,,,foot,,zú,,attain,,enough,,satisfy
52,孩,,,baby,,hái,,child,,children
52,站,,,stand up,,zhàn,,a stand,,station
52,诉,,,sue,,sù,,accuse,,inform,,narrate
52,千,,,many,,qiān,,very,,thousand,,numerous,,swindler
52,男,,,male,,nán,,man,,son,,baron,,surname
53,助,,,help,,zhù,,aid,,assist
53,乐,,,happy,,lè,,glad,,music,,enjoyable
53,球,,,ball,,qiú,,globe,,round,,sphere
53,错,,,error,,cuò,,wrong,,blunder,,mistake
53,晚,,,night,,wǎn,,late,,evening
54,试,,,test,,shì,,try,,experiment
54,送,,,give,,sòng,,see off,,send off,,dispatch
54,药,,,medicine,,yào
54,游,,,roam,,yóu,,float,,drift,,to swim,,wander
54,室,,,room,,shì,,home,,house,,chamber
55,帮,,,help,,bāng,,assist,,defend,,shoe upper
55,左,,,left,,zuǒ,,east,,improper,,unorthodox
55,右,,,right,,yòu,,west,,right-wing
55,穿,,,wear,,chuān,,drill,,pierce,,penetrate
55,弟,,,i,,dì,,me,,junior
56,慢,,,slow(ly),,màn,,sluggish,,leisurely
56,忙,,,busy,,máng,,hustling
56,介,,,herald,,jiè,,forerunner,,harbinger,,sea shell
56,鱼,,,fish,,yú,,surname
56,跑,,,run,,pǎo,,flee
57,贵,,,costly,,guì,,expensive,,valuable
57,班,,,job,,bān,,class,,group,,grade,,squad
57,票,,,ticket,,piào
57,睛,,,eyeball,,jīng
57,旅,,,trip,,lǚ,,travel,,journey,,traveler
58,笔,,,write,,bǐ,,stroke
58,卖,,,sell,,mài,,betray,,show off
58,旁,,,side,,páng,,near,,by side,,close by
58,跳,,,jump,,tiào,,leap,,vault,,dance,,bounce
58,雪,,,snow,,xuě,,avenge
59,肉,,,flesh,,ròu,,meat
59,牛,,,cow,,niú,,ox,,bull
59,纸,,,paper,,zhǐ
59,歌,,,song,,gē,,sing,,chant,,lyrics,,praise
59,床,,,bed,,chuáng,,couch,,chassis,,framework
60,玩,,,joke,,wán,,enjoy,,play with
60,妻,,,wife,,qī
60,休,,,rest,,xiū,,stop,,retire,,do not!
60,舞,,,dance,,wǔ,,prance,,posture,,brandish
60,汽,,,gas,,qì,,steam,,vapor
61,课,,,lesson,,kè,,course,,classwork
61,懂,,,understand,,dǒng,,comprehend
61,绍,,,join,,shào,,continue,,carry on
61,丈,,,man,,zhàng,,husband,,gentleman
61,洗,,,wash,,xǐ,,rinse,,clean,,purify
62,唱,,,sing,,chàng,,call,,song,,chant,,ditty
62,宜,,,right,,yí,,proper,,suitable,,fitting
62,累,,,tired,,lèi,,bother,,involve,,implicate
62,羊,,,sheep,,yáng,,goat
62,零,,,zero,,líng,,fragment,,fraction
63,蛋,,,eggs,,dàn
63,鸡,,,chicken,,jī
63,宾,,,guest,,bīn,,submit,,visitor,,surname
63,颜,,,face,,yán
63,瓜,,,melon,,guā,,gourd,,rad. 97,,cucumber
64,啡,,,coffee,,fēi,,morphine
64,篮,,,basket,,lán
64,咖,,,coffee,,kā,,a phonetic
64,踢,,,kick,,tī
64,泳,,,dive,,yǒng,,swim
65,铅,,,lead,,qiān
65,地,,,earth,,de,,soil,,ground,,region
65,而,,,and,,ér,,but,,and yet,,and then
65,于,,,in,,yú,,on,,at,,go to,,surname
65,自,,,self,,zì,,from,,private,,personal
66,发,,,issue,,fā,,hair,,dispatch,,send out
66,用,,,use,,yòng,,use,,apply,,employ,,operate
66,行,,,go,,xíng,,walk,,move,,travel,,circulate
66,种,,,seed,,zhǒng,,race,,breed,,to plant
66,成,,,fixed,,chéng,,completed,,finished
67,方,,,local,,fāng,,a square,,a region,,rectangle
67,法,,,law,,fǎ,,rule,,France,,French,,statute
67,如,,,if,,rú,,as,,like,,as if,,supposing
67,当,,,bear,,dāng,,just,,accept,,undertake
67,定,,,fix,,dìng,,decide,,settle
68,其,,,his,,qí,,her,,its,,that,,their
68,主,,,host,,zhǔ,,lord,,master,,chief owner
68,理,,,reason,,lǐ,,logic,,manage
68,心,,,heart,,xīn,,mind,,soul
68,只,,,only,,zhǐ,,just,,simply
69,实,,,real,,shí,,true,,honest,,sincere
69,者,,,he who,,zhě,,that which,,those who
69,力,,,power,,lì,,influence,,capability
69,把,,,hold,,bǎ,,take,,guard,,regard as
69,又,,,and,,yòu,,also,,again,,in addition
70,业,,,business,,yè,,profession
70,重,,,heavy,,zhòng,,double,,weighty
70,物,,,thing,,wù,,creature,,substance
70,应,,,must,,yīng,,should,,ought to
70,向,,,toward,,xiàng,,trend,,direction
71,头,,,head,,tóu,,top,,boss,,chief,,first
71,文,,,culture,,wén,,writing,,literature
71,相,,,mutual,,xiāng,,reciprocal,,each other
71,或,,,or,,huò,,else,,maybe,,either,,perhaps
71,己,,,self,,jǐ,,oneself,,private,,personal
72,加,,,add to,,jiā,,augment,,increase
72,特,,,special,,tè,,unique
72,信,,,trust,,xìn,,letter,,believe
72,化,,,-ize,,huà,,change,,reform,,convert
72,世,,,era,,shì,,world,,generation
73,位,,,post,,wèi,,rank,,seat,,throne,,status
73,声,,,sound,,shēng,,tone,,voice,,noise,,music
73,提,,,hold in hand,,tí
73,解,,,loosen,,jiě,,untie,,explain,,unfasten
73,口,,,mouth,,kǒu,,gate,,open end,,entrance
74,平,,,flat,,píng,,even,,level,,peaceful
74,更,,,more,,gèng,,much more
74,变,,,change,,biàn,,alter,,rebel,,transform
74,总,,,collect,,zǒng,,overall,,altogether
74,数,,,fate,,shù,,number,,count,,several
75,安,,,quiet,,ān,,peaceful,,tranquil
75,才,,,just,,cái,,only,,talent,,ability
75,结,,,knot,,jié,,tie,,join,,connect
75,目,,,eye,,mù,,see,,look,,topic,,division
75,感,,,feel,,gǎn,,emotion,,perceive
76,接,,,catch,,jiē,,receive,,connect,,continue
76,必,,,must,,bì,,surely
76,市,,,fair,,shì,,city,,town,,market,,trade
76,直,,,erect,,zhí,,straight,,vertical
76,山,,,hill,,shān,,peak,,mountain
77,空,,,empty,,kōng,,bare,,hollow,,deserted
77,决,,,decide,,jué,,judge,,determine
77,马,,,horse,,mǎ,,surname
77,界,,,limit,,jiè,,domain,,boundary,,society,,the world
77,放,,,put,,fàng,,free,,release,,liberate
78,像,,,image,,xiàng,,figure,,a picture,,to resemble
78,难,,,hard,,nán,,unable,,arduous,,difficult
78,且,,,moreover,,qiě,,about to
78,记,,,record,,jì,,remember
78,南,,,south,,nán,,southward
79,求,,,seek,,qiú,,demand,,request,,beseech
79,据,,,a base,,jù,,to occupy,,position
79,张,,,sheet,,zhāng,,stretch,,extend,,expand
79,该,,,should,,gāi,,need to,,ought to
79,万,,,ten thousand,,wàn,,innumerable
80,清,,,clear,,qīng,,pure,,clean,,peaceful
80,带,,,belt,,dài,,band,,zone,,strap,,girdle
80,风,,,wind,,fēng,,air,,manners,,atmosphere
80,根,,,root,,gēn,,base(d on),,foundation
80,干,,,oppose,,gàn,,dried,,offend,,invade
81,极,,,final,,jí,,extreme,,utmost,,furthest
81,办,,,do,,bàn,,manage,,handle,,deal with
81,议,,,consult,,yì,,discuss,,talk over
81,元,,,first,,yuán,,head,,dollar,,origin
81,单,,,only,,dān,,lone,,single,,individual
82,调,,,move,,diào,,tune,,change,,transfer
82,算,,,count,,suàn,,plan,,figure,,calculate
82,需,,,need,,xū,,must,,require
82,花,,,flower,,huā,,blossoms
82,城,,,city,,chéng,,town,,castle
83,级,,,level,,jí,,rank,,class,,grade
83,复,,,return,,fù,,repeat,,repeatedly
83,满,,,fill,,mǎn,,full,,satisfied
83,越,,,exceed,,yuè,,go beyond
83,容,,,looks,,róng,,form,,figure,,appearance
84,照,,,shine,,zhào,,reflect,,illumine
84,须,,,must,,xū,,have to,,necessary
84,包,,,wrap,,bāo,,pack,,bundle,,package
84,片,,,slice,,piàn,,strip,,rad. 91,,splinter
84,史,,,history,,shǐ,,annals,,chronicle
85,查,,,examine,,chá,,seek into,,investigate
85,轻,,,light,,qīng,,easy,,simple,,gentle
85,易,,,easy,,yì,,change
85,除,,,remove,,chú,,except,,eliminate
85,李,,,plum,,lǐ,,judge,,surname
86,图,,,map,,tú,,chart,,diagram,,picture
86,历,,,history,,lì,,calendar
86,突,,,suddenly,,tū,,abruptly
86,周,,,Zhou dynasty,,zhōu
86,较,,,more,,jiào,,compare
87,注,,,focus,,zhù,,direct,,concentrate
87,选,,,choose,,xuǎn,,elect,,select,,election
87,响,,,sound,,xiǎng,,make sound,,make noise
87,参,,,ginseng,,cān,,intervene,,take part in
87,半,,,half,,bàn
88,节,,,knot,,jié,,node,,joint,,section
88,护,,,guard,,hù,,protect,,defend,,shelter
88,音,,,sound,,yīn,,tone,,pitch
88,跟,,,heel,,gēn,,with,,to follow,,accompany
88,留,,,stop,,liú,,halt,,stay,,keep,,detain
89,讲,,,talk,,jiǎng,,explain,,discuss
89,料,,,consider,,liào,,materials,,conjecture,,ingredients
89,终,,,end,,zhōng,,finally,,in the end
89,答,,,answer,,dá,,reply,,return,,assent to
89,黄,,,yellow,,huáng,,surname
90,奇,,,strange,,qí,,occult,,unusual,,uncanny
90,段,,,piece,,duàn,,section,,division
90,故,,,old,,gù,,ancient,,reason,,because
90,河,,,river,,hé,,stream
90,害,,,harm,,hài,,kill,,injure,,destroy
91,双,,,pair,,shuāng,,both,,couple,,set of two
91,境,,,area,,jìng,,region,,boundary,,frontier
91,愿,,,sincere,,yuàn,,honest,,virtuous
91,网,,,net,,wǎng,,network
91,育,,,produce,,yù,,educate
92,船,,,ship,,chuán,,boat,,vessel
92,脸,,,face,,liǎn,,cheek,,reputation
92,刻,,,carve,,kè,,engrave
92,刚,,,hard,,gāng,,tough,,rigid,,strong
92,般,,,sort,,bān,,kind,,manner,,category
93,怕,,,to fear,,pà
93,假,,,falsehood,,jiǎ,,vacation,,deception
93,久,,,grow late,,jiǔ
93,拿,,,take,,ná,,hold,,with,,grasp,,bring
93,急,,,quick,,jí,,urgent,,quickly,,pressing
94,居,,,live,,jū,,sit,,dwell,,reside
94,环,,,ring,,huán
94,树,,,tree,,shù,,plant,,set up,,establish
94,层,,,storey,,céng,,layer,,floor,,stratum
94,句,,,sentence,,jù
95,简,,,simple,,jiǎn,,terse,,succinct,,a letter
95,卡,,,card,,kǎ,,calorie,,punch card
95,担,,,carry,,dān,,bear,,undertake
95,静,,,quiet,,jìng,,still,,gentle,,motionless
95,检,,,check,,jiǎn,,examine
96,差,,,wrong,,chà,,nearly,,almost,,to differ,,different
96,角,,,horn,,jiǎo,,angle,,point,,corner
96,皮,,,skin,,pí,,fur,,hide,,outer,,feather
96,超,,,surpass,,chāo,,jump over,,leap over
96,银,,,cash,,yín,,silver,,money,,wealth
97,怪,,,strange,,guài,,unusual,,peculiar
97,香,,,fragrant,,xiāng,,incense
97,铁,,,iron,,tiě,,firm,,solid,,strong
97,草,,,grass,,cǎo,,straw,,herbs,,thatch
97,脚,,,leg,,jiǎo,,leg,,foot,,base,,foundation
98,酒,,,wine,,jiǔ,,liquor,,spirits
98,顾,,,look at,,gù,,look back,,look after
98,换,,,change,,huàn
98,闻,,,hear,,wén,,news,,smell,,make known
98,坏,,,bad,,huài,,rotten,,spoilt,,broken down
99,楚,,,clear,,chǔ
99,画,,,picture,,huà,,drawing,,to draw,,a painting
99,耳,,,ear,,ěr,,only,,merely,,handle
99,短,,,short,,duǎn,,brief,,lacking,,deficient
99,遇,,,meet,,yù,,encounter,,come across
100,康,,,quiet,,kāng,,happy,,peaceful,,healthy
100,旧,,,old,,jiù,,past,,former,,ancient
100,春,,,spring,,chūn,,wanton
100,附,,,append,,fù,,adhere to
100,礼,,,manners,,lǐ,,courtesy
101,板,,,plank,,bǎn,,board
101,婚,,,wedding,,hūn,,marriage,,get married
101,鲜,,,fresh,,xiān,,delicious,,attractive
101,词,,,words,,cí,,phrase,,expression
101,择,,,select,,zé,,choose,,pick out
102,健,,,strong,,jiàn,,robust,,healthy,,strength
102,借,,,lend,,jiè,,borrow
102,园,,,park,,yuán,,garden,,orchard
102,牙,,,tooth,,yá,,teeth,,molars,,serrated
102,束,,,bind,,shù,,bale,,control,,restrain
103,练,,,drill,,liàn,,train,,exercise,,to practice
103,爷,,,father,,yé,,grandfather
103,嘴,,,mouth,,zuǐ,,lips
103,戏,,,show,,xì
103,典,,,law,,diǎn,,canon,,classic,,scripture
104,盘,,,tray,,pán,,dish,,plate,,examine
104,忘,,,miss,,wàng,,omit,,forget,,neglect
104,赛,,,race,,sài,,compete,,contend,,contest
104,迎,,,greet,,yíng,,receive,,welcome
104,冰,,,ice,,bīng,,ice-cold
105,努,,,strive,,nǔ,,to exert,,to pout
105,绿,,,green,,lǜ,,chlorine
105,街,,,road,,jiē,,street
105,灯,,,lamp,,dēng,,lantern
105,夏,,,big,,xià,,summer,,great,,grand
106,秋,,,fall,,qiū,,year,,autumn
106,末,,,end,,mò,,final,,last
106,蓝,,,blue,,lán,,surname
106,烧,,,burn,,shāo,,bake,,heat,,roast
106,哭,,,weep,,kū,,cry,,wail
107,冒,,,risk,,mào,,dare,,brave
107,惯,,,habit,,guàn,,usual,,custom,,habitually
107,鸟,,,bird,,niǎo
107,季,,,season,,jì,,surname
107,鼻,,,nose,,bí,,first
108,腿,,,legs,,tuǐ,,thighs
108,迟,,,late,,chí,,slow,,tardy,,delay
108,净,,,clean,,jìng,,pure,,cleanse
108,冬,,,winter,,dōng
108,骑,,,mount,,qí,,cavalry
109,爬,,,crawl,,pá,,creep,,climb,,scramble
109,扫,,,sweep,,sǎo,,clear away,,exterminate
109,箱,,,case,,xiāng,,box,,chest,,trunk
109,舒,,,easy,,shū,,open up,,unfold,,stretch out,,comfortable
109,绩,,,spin,,jī
110,饮,,,drink,,yǐn,,swallow
110,朵,,,earlobe,,duǒ
110,鞋,,,shoes,,xié
110,邮,,,mail,,yóu,,postal,,post office
110,邻,,,neighbor,,lín
111,聪,,,clever,,cōng,,bright,,intelligent
111,梯,,,lean,,tī,,ladder,,steps,,stairs
111,瓶,,,jug,,píng,,jar,,vase,,bottle,,pitcher
111,疼,,,aches,,téng,,love,,pains,,be fond of
111,熊,,,a bear,,xióng,,bright,,surname,,brilliant
112,帽,,,hat,,mào,,cap
112,炼,,,smelt,,liàn,,refine,,distill,,condense
112,搬,,,move,,bān,,shift,,remove,,transfer
112,刷,,,brush,,shuā,,scrub
112,瘦,,,thin,,shòu,,lean,,meager,,emaciated
113,斤,,,keen,,jīn,,an axe,,shrewd
113,胖,,,fat,,pàng,,obese,,fatty
113,饿,,,hungry,,è,,hunger,,greedy for
113,聊,,,somewhat,,liáo,,slightly,,at least
113,碗,,,bowl,,wǎn,,small dish
114,渴,,,pine,,kě,,yearn,,thirsty,,parched
114,甜,,,sweet,,tián,,sweetness
114,矮,,,low,,ǎi,,short,,dwarf
114,裤,,,pants,,kù,,trousers
114,衫,,,shirt,,shān,,robe,,gown,,jacket
115,伞,,,umbrella,,sǎn,,parasol,,parachute
115,刮,,,shave,,guā,,scrape,,pare off
115,糕,,,cakes,,gāo,,pastry
115,裙,,,skirt,,qún,,apron,,petticoat
115,衬,,,underwear,,chèn
116,锻,,,temper,,duàn,,refine,,forge metal
116,澡,,,wash,,zǎo,,bathe
116,啤,,,beer,,pí
116,蕉,,,banana,,jiāo,,plantain
116,筷,,,chopsticks,,kuài
117,之,,,it,,zhī,,them,,go to,,him her
117,部,,,part,,bù,,section,,division
117,无,,,no,,wú,,not,,negative
117,与,,,and,,yǔ,,to,,for,,with,,give
117,民,,,people,,mín,,subjects,,citizens
118,此,,,this,,cǐ,,then,,these
118,使,,,cause,,shǐ,,order,,envoy,,messenger,,ambassador
118,性,,,sex,,xìng,,nature,,character
118,全,,,maintain,,quán
118,将,,,will,,jiāng,,future,,general,,going to
119,由,,,cause,,yóu,,from,,reason
119,美,,,pretty,,měi,,beautiful,,pleasing
119,利,,,gains,,lì,,merit,,profit,,advantage
119,合,,,join,,hé,,unite,,combine,,gather
119,内,,,inside,,nèi
120,度,,,degree,,dù,,system,,manner,,to consider
120,任,,,duty,,rèn,,allow,,office,,trust to,,rely on
120,海,,,sea,,hǎi,,ocean,,maritime
120,通,,,common,,tōng,,pass through,,communicate
120,原,,,source,,yuán,,origin,,beginning
121,及,,,and,,jí,,extend,,reach,,come up to
121,论,,,debate,,lùn,,discuss,,discourse
121,处,,,place,,chù,,locale,,department
121,各,,,each,,gè,,all,,every
121,入,,,enter,,rù,,join,,come in(to)
122,活,,,live,,huó,,exist,,lively,,survive
122,尔,,,you,,ěr,,that,,those
122,何,,,what,,hé,,why,,how,,where,,which
122,反,,,anti,,fǎn,,reverse,,opposite,,contrary
122,受,,,get,,shòu,,bear,,stand,,receive,,accept
123,量,,,measure,,liàng,,quantity,,capacity
123,建,,,build,,jiàn,,erect,,found,,establish
123,计,,,plan,,jì,,plot,,scheme,,strategem
123,管,,,pipe,,guǎn,,tube,,duct
123,资,,,wealth,,zī,,property,,capital
124,命,,,life,,mìng,,fate,,luck,,destiny,,an order
124,金,,,gold,,jīn,,money
124,指,,,toe,,zhǐ,,finger,,point,,indicate
124,克,,,gram,,kè,,overcome
124,许,,,allow,,xǔ,,permit,,promise,,betroth
125,区,,,area,,qū,,ward,,region,,district
125,保,,,care,,bǎo,,protect,,defend,,safeguard
125,至,,,reach,,zhì,,very,,arrive,,extremely
125,队,,,team,,duì,,group,,army unit
125,社,,,company,,shè,,society
126,展,,,open,,zhǎn,,unfold,,extend,,stretch
126,科,,,section,,kē,,science,,department
126,基,,,base,,jī,,foundation
126,则,,,rule,,zé,,law,,grades,,regulation
126,却,,,but,,què,,still,,decline,,retreat
127,光,,,light,,guāng,,only,,shine,,brilliant
127,即,,,promptly,,jí,,quickly,,immediately
127,象,,,ivory,,xiàng,,image,,figure,,elephant
127,式,,,style,,shì,,rule,,system,,formula
127,程,,,trip,,chéng,,journey,,agenda,,schedule
128,死,,,die,,sǐ,,dead,,death
128,交,,,mix,,jiāo,,deliver,,exchange,,intersect,,communicate
128,规,,,law,,guī,,rules,,customs,,regulations
128,取,,,take,,qǔ,,obtain,,select,,receive
128,拉,,,pull,,lā,,drag,,hold,,seize,,lengthen
129,格,,,form,,gé,,style,,pattern,,standard
129,术,,,art,,shù,,skill,,method,,technique
129,确,,,sure,,què,,real,,true,,certain
129,传,,,summon,,chuán,,transmit,,propagate
129,观,,,see,,guān,,view,,observe,,appearance
130,切,,,cut,,qiè,,mince,,slice,,carve
130,导,,,lead,,dǎo,,direct,,guide,,conduct
130,争,,,fight,,zhēng,,dispute,,strive,,contend
130,改,,,change,,gǎi,,alter,,improve,,remodel
130,收,,,collect,,shōu,,harvest
131,言,,,say,,yán,,words,,speak,,speech
131,联,,,join,,lián,,ally,,connect,,associate
131,持,,,hold,,chí,,grasp,,sustain,,support
131,济,,,help,,jì,,aid,,ferry,,cross,,relieve
131,亲,,,parents,,qīn,,relatives
132,林,,,forest,,lín,,grove,,surname
132,士,,,scholar,,shì,,soldier,,gentleman
132,证,,,prove,,zhèng,,proof,,verify,,confirm
132,失,,,lose,,shī,,neglect
132,转,,,shift,,zhuǎn,,move,,turn
133,存,,,be,,cún,,exist,,live,,remain,,survive
133,台,,,unit,,tái,,platform
133,具,,,tool,,jù,,write,,draw up,,implement
133,流,,,flow,,liú,,drift,,class,,circulate
133,连,,,join,,lián,,even,,connect,,continuous
134,深,,,deep,,shēn,,far,,very,,depth,,extreme
134,质,,,matter,,zhì,,material,,substance
134,价,,,price,,jià,,value
134,整,,,neat,,zhěng,,tidy,,whole,,orderly
134,况,,,condition,,kuàng,,situation,,furthermore
135,亚,,,Asia,,yà,,second
135,技,,,skill,,jì,,talent,,ability,,ingenuity
135,际,,,border,,jì,,boundary,,juncture
135,约,,,treaty,,yuē,,covenant,,agreement
135,示,,,show,,shì,,manifest,,demonstrate
136,究,,,examine,,jiū,,investigate
136,线,,,line,,xiàn,,wire,,clue,,thread
136,断,,,sever,,duàn,,cut off,,interrupt
136,精,,,semen,,jīng,,essence,,spirit
136,支,,,pay,,zhī,,branch,,disperse,,support
137,消,,,vanish,,xiāo,,die out,,melt away
137,增,,,add to,,zēng,,increase,,augment
137,研,,,rub,,yán,,grind,,study,,research
137,功,,,merit,,gōng,,achievement,,good result
137,广,,,wide,,guǎng,,broad,,rad. 53,,extensive
138,标,,,mark,,biāo,,sign,,label,,symbol
138,谈,,,talk,,tán,,surname
138,引,,,to pull,,yǐn,,attract,,draw out,,to stretch
138,首,,,head,,shǒu,,first,,chief,,leader,,a poem
138,局,,,bureau,,jú,,office
139,专,,,monopolize,,zhuān
139,费,,,fee,,fèi,,expenses
139,尽,,,exhaust,,jǐn,,use up,,deplete
139,另,,,other,,lìng,,another,,separate
139,仅,,,only,,jǐn,,just,,merely,,solely
140,落,,,fall,,luò,,drop,,surplus,,net income
140,随,,,follow,,suí,,listen to,,submit to
140,列,,,a line,,liè,,classify
140,推,,,push,,tuī,,expel
140,众,,,crowd,,zhòng,,masses,,public,,multitude
141,案,,,table,,àn,,bench,,legal case
141,划,,,to scratch,,huà
141,律,,,statute,,lǜ,,principle,,regulation
141,态,,,manner,,tài,,bearing,,attitude
141,验,,,test,,yàn,,verify,,examine,,inspect
142,够,,,enough,,gòu,,adequate
142,章,,,chapter,,zhāng,,section,,composition
142,志,,,will,,zhì,,purpose,,annals
142,底,,,bottom,,dǐ,,underside,,underneath
142,严,,,strict,,yán,,rigid,,stern,,rigorous
143,例,,,example,,lì,,precedent,,regulation
143,族,,,tribe,,zú
143,供,,,supply,,gōng,,provide for
143,效,,,result,,xiào,,effect
143,续,,,continue,,xù,,succeed,,carry on
144,紧,,,tense,,jǐn,,taut,,firm,,tight,,secure
144,绝,,,to cut,,jué,,sever,,break off,,terminate
144,察,,,examine,,chá,,notice,,investigate
144,母,,,mother,,mǔ,,female
144,批,,,comment,,pī,,criticize,,wholesale
145,按,,,put hand on,,àn
145,围,,,corral,,wéi,,surround,,encircle
145,江,,,yangzi,,jiāng,,surname,,large river
145,纪,,,record,,jì,,annal
145,举,,,raise,,jǔ,,lift up,,recommend
146,父,,,father,,fù
146,密,,,dense,,mì,,thick,,close,,intimate
146,低,,,low,,dī,,bow,,hang,,bend,,to lower
146,止,,,stop,,zhǐ,,halt,,desist,,detain
146,细,,,fine,,xì,,tiny,,thin,,slender
147,值,,,price,,zhí
147,仍,,,yet,,réng,,still,,again,,as ever,,keep -ing
147,破,,,break,,pò,,ruin,,rout,,destroy
147,倒,,,fall over,,dào,,lie down,,take turns
147,职,,,duty,,zhí,,post,,office,,profession
148,速,,,quick,,sù,,prompt,,speedy
148,否,,,not,,fǒu,,no,,negative
148,毛,,,hair,,máo,,fur,,coarse,,feathers
148,甚,,,great extent,,shén
148,普,,,general,,pǔ,,universal,,widespread
149,弹,,,shot,,dàn,,pellet,,shell,,bullet
149,苦,,,bitter,,kǔ,,hardship,,suffering
149,印,,,print,,yìn,,seal,,chop,,mark,,stamp
149,预,,,prepare,,yù,,arrange,,in advance
149,微,,,small,,wēi,,trifling
150,继,,,continue,,jì,,maintain,,carry on
150,惊,,,frighten,,jīng,,startle,,surprise
150,伤,,,wound,,shāng,,injury
150,适,,,go,,shì,,reach,,suitable,,appropriate
150,省,,,save,,shěng,,province,,economize
151,卫,,,guard,,wèi,,defend,,protect
151,险,,,narrow pass,,xiǎn
151,排,,,row,,pái,,rank,,line
151,福,,,happiness,,fú,,blessing
151,警,,,guard,,jǐng,,watch,,alert,,alarm
152,获,,,get,,huò,,obtain,,seize,,receive
152,负,,,load,,fù,,bear,,carry,,burden
152,云,,,say,,yún,,speak,,clouds
152,停,,,stop,,tíng,,delay,,suspend,,suitable
152,疑,,,doubt,,yí,,suspect,,question
153,洲,,,islet,,zhōu,,island,,continent
153,竟,,,finally,,jìng,,at last,,after all
153,激,,,arouse,,jī,,excite,,incite,,quickly
153,演,,,perform,,yǎn,,put on,,exercise
153,判,,,judge,,pàn,,conclude
154,既,,,then,,jì,,since,,already,,de facto
154,积,,,amass,,jī,,store up,,accumulate
154,富,,,rich,,fù,,ample,,abundant,,wealthy
154,占,,,divine,,zhàn,,observe,,versify
154,修,,,study,,xiū,,repair,,cultivate
155,降,,,fall,,jiàng,,drop,,down,,lower,,descend
155,坚,,,hard,,jiān,,firm,,strong,,resolute
155,免,,,spare,,miǎn,,evade,,excuse from
155,压,,,press,,yā,,crush,,oppress,,pressure
155,养,,,raise,,yǎng,,rear,,support,,bring up
156,怀,,,bosom,,huái,,breast
156,乱,,,revolt,,luàn,,confusion
156,航,,,sail,,háng,,ship,,boat,,navigate
156,优,,,actor,,yōu,,superior,,excellent
156,著,,,manifest,,zhe
157,份,,,part,,fèn,,duty,,portion
157,艺,,,art,,yì,,craft,,talent,,ability
157,概,,,generally,,gài
157,敢,,,bold,,gǎn,,brave,,to dare,,venture
157,户,,,door,,hù,,family
158,洋,,,sea,,yáng,,ocean,,foreign,,western
158,款,,,item,,kuǎn,,fund,,clause,,article
158,评,,,appraise,,píng,,evaluate,,criticize
158,座,,,seat,,zuò,,base,,stand
158,释,,,release,,shì,,interprete,,elucidate
159,景,,,view,,jǐng,,scenery,,conditions
159,登,,,rise,,dēng,,mount,,board,,climb
159,货,,,goods,,huò,,products,,commodities
159,互,,,mutually,,hù
159,付,,,give,,fù,,pay,,deliver,,entrust,,hand over
160,危,,,high,,wēi,,dangerous,,precarious
160,讨,,,beg,,tǎo,,dun,,marry,,demand,,ask for
160,丽,,,elegant,,lì,,beautiful,,magnificent
160,序,,,series,,xù,,sequence
160,永,,,long,,yǒng,,eternal,,forever,,perpetual
161,呼,,,call,,hū,,shout,,exhale,,breathe sigh
161,味,,,taste,,wèi,,odor,,smell,,delicacy
161,沙,,,sand,,shā,,gravel,,pebbles,,granulated
161,掉,,,turn,,diào,,wag,,move,,shake,,drop down
161,杂,,,mix,,zá,,mixed,,mingle,,blended
162,误,,,err,,wù,,interfere
162,减,,,decrease,,jiǎn,,subtract,,diminish
162,肯,,,willing,,kěn,,permit,,consent to
162,败,,,fail,,bài,,decline,,be defeated
162,梦,,,dream,,mèng,,wishful,,visionary
163,散,,,scatter,,sàn,,disperse,,break up
163,温,,,lukewarm,,wēn
163,困,,,beseige,,kùn,,difficult,,to surround
163,封,,,letter,,fēng,,feudal,,envelope
163,缺,,,gap,,quē,,lack,,deficit,,be short of
164,恐,,,fear,,kǒng,,fearful
164,松,,,pine tree,,sōng,,fir tree
164,虑,,,be concerned,,lǜ,,worry about
164,幸,,,favor,,xìng,,luck(ily),,fortunately
164,赶,,,pursue,,gǎn,,expel,,follow,,drive away
165,剧,,,opera,,jù,,drama
165,叶,,,to rhyme,,yè,,to unite,,to harmonize
165,吸,,,inhale,,xī,,absorb,,suck in,,attract
165,顺,,,obey,,shùn,,submit to
165,输,,,haul,,shū,,carry,,transport
166,招,,,levy,,zhāo,,beckon,,summon,,recruit
166,脱,,,take off,,tuō
166,油,,,oil,,yóu,,fat,,lard,,grease,,paints
166,材,,,stuff,,cái,,timber,,talent,,material
166,博,,,wide,,bó,,gamble,,broad,,play games
167,烟,,,smoke,,yān,,soot,,opium,,tobacco,,cigarettes
167,授,,,give to,,shòu,,confer,,transmit
167,禁,,,forbid,,jìn,,restrict,,prohibit
167,孙,,,surname,,sūn,,grandchild,,descendent
167,篇,,,essay,,piān,,chapter,,section,,article
168,遍,,,all over,,biàn,,everywhere,,throughout
168,础,,,plinth,,chǔ
168,翻,,,upset,,fān,,capsize,,flip over
168,森,,,forest,,sēn
168,默,,,dark,,mò,,silent,,quiet,,still
169,熟,,,ripe,,shú,,well-cooked
169,伙,,,companion,,huǒ,,utensils,,colleague
169,弄,,,do,,nòng,,alley
169,刀,,,knife,,dāo,,measure,,old coin
169,窗,,,window,,chuāng
170,醒,,,wake up,,xǐng,,startle,,sober up
170,购,,,buy,,gòu,,hire,,purchase
170,虎,,,tiger,,hǔ,,brave,,fierce,,surname
170,扬,,,scatter,,yáng,,spread,,praise
170,毕,,,end,,bì,,finish,,conclude,,completed
171,尤,,,especially,,yóu
171,竞,,,vie,,jìng,,contend,,compete
171,弃,,,reject,,qì,,abandon,,discard
171,麻,,,hemp,,má,,jute,,flax,,sesame
171,申,,,report,,shēn,,extend
172,售,,,sell,,shòu
172,针,,,pin,,zhēn,,tack,,needle,,acupuncture
172,抱,,,embrace,,bào,,enfold
172,鼓,,,drum,,gǔ,,top,,beat,,strike
172,植,,,plant,,zhí,,grow,,trees,,plants
173,页,,,page,,yè,,leaf,,sheet
173,折,,,snap,,zhé,,bend,,break off
173,尊,,,honor,,zūn,,respect,,revere,,venerate
173,秀,,,refined,,xiù,,elegant,,graceful,,flowering,,luxuriant
173,染,,,dye,,rǎn,,infect
174,迷,,,charm,,mí,,bewitch,,infatuate
174,诚,,,true,,chéng,,real,,sincere,,honest
174,彩,,,hue,,cǎi,,color
174,抽,,,sprout,,chōu,,draw out,,pull out
174,浪,,,wave,,làng,,wasteful,,reckless
175,丰,,,lush,,fēng,,plenty,,abundant,,bountiful
175,译,,,decode,,yì,,encode,,translate
175,符,,,tally,,fú,,charm,,symbol,,i.d. tag
175,勇,,,brave,,yǒng,,fierce,,courageous
175,厅,,,hall,,tīng
176,拜,,,bow,,bài,,kowtow,,do obeisance
176,巧,,,clever,,qiǎo,,skillful,,ingenious
176,戴,,,support,,dài,,wear on top
176,童,,,boy,,tóng,,child,,virgin,,servant boy
176,乘,,,ride,,chéng,,ascend
177,挂,,,hang,,guà,,suspend,,suspense
177,奖,,,prize,,jiǎng,,reward
177,厚,,,thick,,hòu,,greatly,,substantial
177,镜,,,lens,,jìng,,mirror,,glass,,glasses
177,烦,,,vex,,fán,,bother,,trouble,,troublesome
178,签,,,sign,,qiān,,endorse
178,牌,,,placard,,pái,,signboard
178,咱,,,we,,zán,,us
178,奋,,,strive,,fèn,,arouse
178,播,,,sow,,bō,,spread,,reject,,broadcast,,cast away
179,桥,,,beam,,qiáo,,bridge,,crosspiece
179,寒,,,cold,,hán,,wintry,,chilly
179,聚,,,assemble,,jù,,collect
179,袋,,,bag,,dài,,sack,,pocket,,pouch
179,暂,,,temporary,,zàn
180,估,,,guess,,gū,,merchant,,presume,,estimate
180,拒,,,defend,,jù
180,忆,,,memory,,yì,,remember
180,闹,,,quarrel,,nào
180,厉,,,whet,,lì,,grind,,sharpen,,whetstone
181,穷,,,poor,,qióng,,destitute
181,码,,,yard,,mǎ,,number,,symbol,,numerals
181,偶,,,an idol,,ǒu,,accidentally
181,稍,,,little,,shāo,,rather,,slightly
181,矿,,,mine,,kuàng,,ore,,mineral
182,抬,,,lift,,tái,,carry
182,倍,,,times,,bèi,,fold
182,污,,,filthy,,wū,,dirty,,impure,,polluted
182,耐,,,bear,,nài,,endure,,resist,,patient
182,粗,,,rough,,cū,,rude,,thick,,course
183,悉,,,know,,xī,,comprehend,,learn about
183,详,,,detailed,,xiáng,,complete,,thorough
183,允,,,to grant,,yǔn,,to allow,,to consent
183,剩,,,residue,,shèng,,remains,,leftovers
183,漫,,,spreading,,màn
184,酸,,,tart,,suān,,sour,,acid,,stiff,,spoiled
184,辛,,,bitter,,xīn,,toilsome,,laborious
184,餐,,,eat,,cān,,dine,,meal,,food
184,挺,,,rigid,,tǐng,,straighten
184,励,,,strive,,lì,,encourage
185,键,,,key,,jiàn,,door bolt,,lock bolt
185,扰,,,annoy,,rǎo,,disturb,,agitate
185,阅,,,read,,yuè,,examine,,review,,inspect
185,汗,,,sweat,,hàn,,perspiration
185,骗,,,swindle,,piàn,,defraud
186,龄,,,age,,líng,,years
186,惜,,,pity,,xī,,rue,,regret,,begrudge
186,仔,,,child,,zǐ,,small thing
186,俩,,,two,,liǎ,,pair
186,籍,,,list,,jí,,record,,census,,register
187,凉,,,cool,,liáng,,cold
187,貌,,,countenance,,mào,,appearance
187,猜,,,guess,,cāi,,feel,,suppose,,conjecture
187,怜,,,pity,,lián,,sympathize
187,躺,,,lie down,,tǎng,,recline
188,钢,,,steel,,gāng,,hard,,tough,,strong
188,寄,,,send,,jì,,mail,,rely on,,transmit
188,汤,,,soup,,tāng,,gravy,,broth,,hot water
188,肥,,,fat,,féi,,plump,,obese,,fertile
188,尝,,,taste,,cháng,,experience,,experiment
189,厌,,,dislike,,yàn,,detest,,reject,,satiate
189,脏,,,dirty,,zàng,,viscera
189,幽,,,quiet,,yōu,,dark,,secluded,,tranquil
189,丢,,,discard,,diū
189,泉,,,spring,,quán,,money,,wealth,,fountain
190,陪,,,be with,,péi,,accompany
190,贺,,,congratulate,,hè
190,恼,,,angered,,nǎo
190,敲,,,rap,,qiāo,,beat,,strike,,pound,,hammer
190,暖,,,warm,,nuǎn,,genial
191,糖,,,sugar,,táng,,candy,,sweets
191,擦,,,wipe,,cā,,rub,,scrub,,scour,,brush
191,肤,,,skin,,fū,,shallow,,superficial
191,肚,,,belly,,dù,,bowels,,abdomen
191,赢,,,win,,yíng,,gain,,profit,,surplus
192,址,,,site,,zhǐ,,location
192,悔,,,repent,,huǐ,,regret
192,邀,,,meet,,yāo,,invite,,welcome,,intercept
192,羽,,,plume,,yǔ,,wings,,feather,,rad. 124
192,盐,,,salt,,yán
193,傅,,,tutor,,fù,,assist,,teacher,,surname
193,帅,,,commander,,shuài
193,扔,,,throw,,rēng,,hurl,,cast,,throw away
193,傲,,,proud,,ào,,haughty,,overbearing
193,拾,,,pick up,,shí,,collect,,tidy up
194,填,,,fill in,,tián,,fill up,,make good
194,扮,,,dress up,,bàn,,dress up as
194,愉,,,please,,yú,,pleasant,,delightful
194,慕,,,desire,,mù,,admire,,long for
194,秒,,,a second,,miǎo
195,塑,,,sculpt,,sù,,plastics
195,羞,,,shy,,xiū,,shame,,disgrace,,ashamed
195,盒,,,casket,,hé
195,谅,,,excuse,,liàng,,guess,,forgive,,presume
195,葡,,,grapes,,pú
196,厨,,,kitchen,,chú,,closet,,cupboard
196,鸭,,,duck,,yā
196,谊,,,suitable,,yì,,friendship,,appropriate
196,歉,,,lacking,,qiàn,,deficient
196,赚,,,earn,,zhuàn,,gain,,profit,,make money
197,萄,,,grapes,,táo
197,脾,,,spleen,,pí,,pancreas,,disposition
197,懒,,,lazy,,lǎn,,languid,,listless
197,骄,,,haughty,,jiāo
197,聘,,,engage,,pìn,,employ,,betroth
198,巾,,,towel,,jīn,,turban,,kerchief
198,堵,,,wall,,dǔ,,stop,,prevent,,stop up
198,棒,,,hit,,bàng,,stick,,club,,truncheon
198,硕,,,big,,shuò,,great,,large,,eminent
198,戚,,,sad,,qī,,relative
199,笨,,,dull,,bèn,,foolish,,stupid,,awkward
199,泼,,,pour,,pō,,water,,splash,,sprinkle
199,郊,,,suburbs,,jiāo,,waste land,,open spaces
199,饼,,,biscuits,,bǐng,,rice-cakes
199,咳,,,cough,,hāi
200,桶,,,pail,,tǒng,,tub,,keg,,cask,,bucket
200,辣,,,hot,,là,,cruel,,peppery,,pungent
200,膊,,,shoulders,,bó,,upper arms
200,趟,,,time,,tàng,,occasion
200,匙,,,spoon,,shi,,surname
201,钥,,,key,,yào,,lock
201,胳,,,arms,,gē,,armpit
201,咸,,,all,,xián,,united,,together,,completely
201,汁,,,sap,,zhī,,juice,,fluid,,gravy,,sauce
201,垃,,,waste,,lā,,garbage,,refuse
202,烤,,,bake,,kǎo,,cook,,roast,,toast
202,圾,,,garbage,,jī,,danger,,rubbish,,shaking
202,逛,,,roam,,guàng,,ramble,,stroll,,wander
202,膏,,,fat,,gāo,,grease,,paste,,ointment
202,羡,,,envy,,xiàn,,covet,,admire,,praise
203,暑,,,hot,,shǔ
203,嗽,,,cough,,sòu,,gargle
203,橡,,,rubber,,xiàng,,chestnut oak,,rubber tree
203,厕,,,toilet,,cè,,lavatory,,mingle with
203,袜,,,socks,,wà,,stockings
204,勺,,,spoon,,sháo,,ladle
204,柿,,,persimmon,,shì
204,军,,,army,,jūn,,troops,,military,,soldiers
204,战,,,war,,zhàn,,battle,,fighting
204,政,,,government,,zhèng
205,产,,,produce,,chǎn,,give birth,,bring forth
205,制,,,system,,zhì,,establish,,overpower
205,代,,,era,,dài,,replace,,generation
205,立,,,set,,lì,,stand,,let stand,,establish
205,神,,,god,,shén,,spirit
206,德,,,ethics,,dé,,virtue,,morality
206,统,,,govern,,tǒng,,unite,,command,,control
206,形,,,form,,xíng,,shape,,appearance
206,治,,,govern,,zhì,,regulate,,administer
206,达,,,reach,,dá,,smooth,,arrive at,,slippery,,intelligent
207,强,,,strong,,qiáng,,powerful,,energetic
207,权,,,power,,quán,,right,,authority
207,王,,,king,,wáng,,ruler,,royal,,surname
207,设,,,build,,shè,,display,,establish
207,品,,,article,,pǐn,,product,,commodity
208,类,,,class,,lèi,,kind,,group,,category
208,领,,,neck,,lǐng,,lead,,guide,,collar
208,造,,,make,,zào,,build,,begin,,prepare,,construct
208,组,,,class,,zǔ,,section,,department
208,英,,,petal,,yīng,,leaf,,brave,,flower,,a hero
209,布,,,linen,,bù,,textiles,,cotton cloth
209,未,,,not yet,,wèi
209,击,,,hit,,jī,,beat,,strike,,fight,,attack
209,兵,,,soldier,,bīng,,troops
209,团,,,ball,,tuán,,mass,,lump,,sphere,,circle
210,集,,,assemble,,jí
210,华,,,flowery,,huá,,Chinese,,illustrious
210,石,,,stone,,shí,,rock,,mineral,,rad. 112
210,府,,,prefect,,fǔ,,prefecture,,government
210,似,,,seem,,shì,,as if,,resemble,,similar to
211,官,,,official,,guān
211,器,,,vessel,,qì,,receptacle,,instrument
211,称,,,call,,chēng,,say,,name,,brand,,address
211,委,,,send,,wěi,,appoint,,commission
211,曾,,,already,,céng
212,农,,,farmer,,nóng,,farming,,agriculture
212,装,,,dress,,zhuāng,,fill,,attire,,clothes
212,显,,,clear,,xiǎn,,manifest,,display,,evident
212,念,,,study,,niàn,,recall,,think of
212,青,,,blue,,qīng,,green,,black,,young
213,武,,,military,,wǔ,,martial,,warlike
213,势,,,power,,shì,,force,,tendency
213,古,,,old,,gǔ,,classic,,ancient
213,构,,,frame,,gòu,,building,,structure
213,土,,,soil,,tǔ,,earth
214,投,,,throw,,tóu,,cast,,jump,,fling,,pitch
214,维,,,maintain,,wéi,,preserve,,safeguard
214,革,,,leather,,gé,,rad. 177
214,敌,,,foe,,dí,,enemy,,rival,,resist
214,致,,,send,,zhì,,cause,,deliver,,present
215,派,,,sect,,pài,,branch
215,营,,,manage,,yíng,,barracks,,encampment
215,防,,,defend,,fáng,,prevent,,embankment
215,施,,,act,,shī,,grant,,give,,name,,bestow
215,型,,,law,,xíng,,type,,mold,,model,,pattern
216,依,,,rely on,,yī,,consent,,be set in,,obey a wish
216,群,,,(same as,,qún
216,项,,,neck,,xiàng,,sum,,funds
216,织,,,weave,,zhī,,knit,,unite,,organize
216,斗,,,Chinese peck,,dòu
217,采,,,pick,,cǎi,,pluck,,collect,,gather
217,杀,,,kill,,shā,,hurt,,murder,,slaughter
217,朝,,,dynasty,,cháo,,morning
217,属,,,class,,shǔ,,type,,category,,belong to
217,限,,,line,,xiàn,,limit,,boundary
218,威,,,pomp,,wēi,,power,,powerful,,dominate
218,状,,,form,,zhuàng,,shape,,official,,appearance
218,率,,,rate,,lǜ,,ratio,,limit,,to lead
218,独,,,alone,,dú,,only,,single,,solitary
218,创,,,create,,chuàng,,establish,,knife cut
219,承,,,inherit,,chéng,,receive,,succeed
219,股,,,rump,,gǔ,,thighs,,share,,haunches
219,益,,,profit,,yì,,benefit,,advantage
219,血,,,blood,,xuè
219,素,,,plain,,sù,,formerly,,normally,,vegetarian,,white (silk)
220,夜,,,night,,yè,,dark,,in night,,by night
220,初,,,initial,,chū,,primary,,beginning
220,源,,,head,,yuán,,spring,,source,,surname
220,食,,,eat,,shí,,meal,,food
220,待,,,treat,,dài,,wait,,receive,,entertain
221,述,,,state,,shù,,narrate,,express
221,陆,,,land,,lù,,army,,continental
221,置,,,place,,zhì,,lay out,,set aside
221,劳,,,labor,,láo,,toil
221,财,,,wealth,,cái,,riches,,valuables
222,纳,,,admit,,nà,,take,,accept,,receive
222,雷,,,thunder,,léi
222,模,,,model,,mó,,copy,,pattern,,standard
222,充,,,fill,,chōng,,supply,,be full
222,木,,,tree,,mù,,wood,,lumber,,wooden
223,龙,,,dragon,,lóng
223,冲,,,soar,,chōng
223,射,,,shoot,,shè,,emit,,eject,,issue forth
223,略,,,roughly,,lüè,,outline
223,范,,,surname,,fàn
224,村,,,village,,cūn,,hamlet,,vulgar,,uncouth
224,退,,,retreat,,tuì,,step back,,withdraw
224,余,,,I,,yú,,my,,me,,surname,,surplus
224,痛,,,pain,,tòng,,sad,,ache,,sorry,,bitter
224,灵,,,soul,,líng,,spirit
225,配,,,match,,pèi,,pair,,equal,,blend
225,征,,,invade,,zhēng,,attack,,conquer
225,挥,,,direct,,huī,,squander,,wipe away
225,胜,,,excel,,shèng,,victory
225,阶,,,rank,,jiē,,stairs,,steps,,degree
226,沉,,,sink,,chén,,submerge,,addicted to
226,善,,,good,,shàn,,kind,,virtuous,,charitable
226,执,,,keep,,zhí,,carry out,,hold in hand
226,追,,,pursue,,zhuī,,expel,,chase after
226,宣,,,declare,,xuān,,announce,,proclaim
227,佛,,,Buddha,,fú,,of Buddhism
227,控,,,accuse,,kòng,,charge,,control
227,税,,,taxes,,shuì
227,背,,,back,,bèi,,behind,,betray,,back side
227,阵,,,column,,zhèn
228,恶,,,evil,,è,,bad,,foul,,wicked
228,顿,,,bow,,dùn,,pause,,stop,,kowtow,,arrange
228,守,,,defend,,shǒu,,guard,,protect,,conserve
228,岛,,,island,,dǎo
228,托,,,rely on,,tuō,,to support
229,烈,,,fiery,,liè,,ardent,,violent,,vehement
229,索,,,laws,,suǒ,,cable,,rules,,inquire,,to exact
229,胡,,,wildly,,hú,,recklessly,,foolishly
229,靠,,,near,,kào,,trust,,lean on,,depend on
229,版,,,edition,,bǎn
230,宝,,,rare,,bǎo,,jewel,,treasure,,precious
230,欧,,,ohm,,ōu,,surname
230,核,,,seed,,hé,,nut,,core,,atom,,kernel
230,暗,,,dark,,àn,,covert,,obscure,,in secret
230,良,,,good,,liáng,,virtuous,,respectable
231,升,,,arise,,shēng,,go up,,hoist,,advance
231,临,,,descend,,lín,,draw near,,approach
231,架,,,rack,,jià,,prop,,stand,,prop up
231,域,,,land,,yù,,region,,district,,boundary
231,括,,,include,,kuò,,embrace,,enclose
232,编,,,knit,,biān,,weave,,arrange,,compile
232,测,,,measure,,cè,,estimate,,conjecture
232,屋,,,house,,wū,,room,,shelter,,building
232,渐,,,gradually,,jiàn
232,救,,,save,,jiù,,aid,,help,,rescue,,relieve
233,枪,,,gun,,qiāng,,spear,,lance,,rifle
233,县,,,county,,xiàn,,district,,subdivision
233,尚,,,yet,,shàng,,still,,even,,fairly,,rather
233,毫,,,fine hair,,háo
233,移,,,shift,,yí,,move about,,change place
234,娘,,,wife,,niáng,,mother,,woman,,young girl
234,智,,,wisdom,,zhì,,knowledge
234,掌,,,paw,,zhǎng,,palm of hand
234,遗,,,lose,,yí,,omit
234,固,,,solidify,,gù,,strength
235,席,,,seat,,xí,,mat,,banquet,,take seat
235,秘,,,secret,,mì,,abstruse,,mysterious
235,均,,,all,,jūn,,equal,,even,,fair,,also
235,销,,,melt,,xiāo,,fuse,,sell,,market
235,诗,,,ode,,shī,,poem,,poetry,,verse
236,藏,,,hide,,cáng,,hoard,,conceal,,store up
236,损,,,impair,,sǔn,,injure,,diminish
236,忽,,,suddenly,,hū,,neglect,,abruptly
236,巨,,,large,,jù,,great,,chief,,enormous
236,炮,,,cannon,,pào,,large gun,,artillery
237,录,,,copy,,lù,,record,,write down
237,乡,,,rural,,xiāng,,country,,village
237,庭,,,courtyard,,tíng
237,妇,,,wife,,fù,,woman
237,归,,,return,,guī,,return to,,revert to
238,含,,,cherish,,hán,,contain
238,摇,,,wag,,yáo,,wave,,swing,,shake,,scull
238,补,,,mend,,bǔ,,fix,,patch,,repair,,restore
238,谓,,,say,,wèi,,tell,,call,,name,,be called
238,毒,,,poison,,dú,,venom,,poisonous
239,疗,,,cured,,liáo,,recover,,be healed
239,逐,,,chase,,zhú,,expel,,one by one
239,寻,,,seek,,xún,,search,,ancient,,look for
239,厂,,,factory,,chǎng,,workshop,,radical 27
239,岸,,,bank,,àn,,shore,,beach,,coast
240,炸,,,to scald,,zhà,,to explode
240,载,,,load,,zài,,carry,,convey,,transport
240,避,,,avoid,,bì,,hide,,escape,,turn aside
240,抓,,,grab,,zhuā,,seize,,scratch,,clutch
240,荣,,,glory,,róng,,honor,,prosper,,flourish
241,逃,,,flee,,táo,,escape,,dodge,,abscond
241,顶,,,top,,dǐng,,peak,,summit
241,玉,,,jade,,yù,,gem
241,迫,,,coerce,,pò,,force,,compel,,urgent
241,洞,,,cave,,dòng,,hole,,grotto,,ravine
242,卷,,,curl,,juǎn,,scroll
242,坦,,,flat,,tǎn,,smooth
242,宁,,,calm,,níng,,serene,,healthy,,peaceful
242,训,,,teach,,xùn,,instruct,,exegesis
242,私,,,private,,sī,,secret,,personal
243,丝,,,silk,,sī,,wire,,strings,,fine thread
243,握,,,grasp,,wò,,hold fast
243,骨,,,bone,,gǔ,,frame,,skeleton,,framework
243,访,,,ask,,fǎng,,visit,,inquire
243,弱,,,weak,,ruò,,fragile,,delicate
244,鬼,,,ghost,,guǐ,,devil
244,软,,,soft,,ruǎn,,weak,,pliable,,flexible
244,扩,,,expand,,kuò,,enlarge,,stretch
244,盖,,,cover,,gài,,hide,,protect
244,雄,,,hero,,xióng,,manly
245,稳,,,firm,,wěn,,stable,,solid,,steady
245,亿,,,many,,yì
245,刺,,,stab,,cì,,prod,,prick,,irritate
245,拥,,,hug,,yōng,,crowd,,embrace,,squeeze
245,齐,,,even,,qí,,uniform
246,虚,,,false,,xū
246,析,,,divide,,xī,,split wood,,break apart
246,透,,,penetrate,,tòu
246,替,,,change,,tì,,replace
246,途,,,way,,tú,,road,,path,,course,,journey
247,迅,,,quick,,xùn,,hasty,,rapid,,sudden
247,套,,,case,,tào,,cover,,wrapper,,envelope
247,贸,,,trade,,mào,,mixed,,barter,,rashly
247,唯,,,only,,wéi,,yes
247,轮,,,wheel,,lún,,turn,,recur,,revolve
248,库,,,armory,,kù,,treasury,,storehouse
248,迹,,,traces,,jī,,footprints,,impressions
248,促,,,urge,,cù,,press,,hurry,,close
248,延,,,delay,,yán,,defer,,postpone
248,震,,,shake,,zhèn,,quake,,tremor,,excite
249,甲,,,armor,,jiǎ,,shell,,fingernails
249,伟,,,great,,wěi,,robust
249,缓,,,slow,,huǎn,,delay,,leisurely,,to postpone
249,闪,,,flash,,shǎn,,avoid,,dodge,,evade
249,哲,,,wise,,zhé,,sage,,wise man,,sagacious
250,络,,,web,,luò,,net,,enmesh,,wrap around
250,纯,,,pure,,chún,,clean,,simple
250,忍,,,bear,,rěn,,endure,,suffer,,forbear
250,筑,,,build,,zhù,,ancient lute
250,贝,,,money,,bèi,,sea shell,,currency
251,振,,,raise,,zhèn,,excite
251,圆,,,circle,,yuán,,round,,circular,,complete
251,搞,,,to clear,,gǎo,,clarify
251,狂,,,mad,,kuáng,,wild,,insane,,violent
251,措,,,place,,cuò,,employ,,collect,,arrange
252,培,,,cultivate,,péi
252,宽,,,broad,,kuān,,wide,,vast,,spacious
252,摆,,,put,,bǎi,,sway,,place,,swing,,display
252,伸,,,extend,,shēn,,trust,,open up,,stretch out
252,摩,,,rub,,mó,,scour,,grind,,friction
253,悲,,,sad,,bēi,,sorrow,,grief,,sorry
253,拍,,,clap,,pāi,,tap,,beat
253,硬,,,hard,,yìng,,firm,,strong,,obstinate
253,麦,,,wheat,,mài,,oats,,barley
253,操,,,run,,cāo,,conduct,,manage,,control
254,阻,,,impede,,zǔ,,hinder,,oppose,,obstruct
254,订,,,arrange,,dìng
254,赞,,,help,,zàn,,aid,,assist,,support
254,纷,,,tangled,,fēn,,scattered,,in disorder
254,喊,,,cry,,hǎn,,shout,,yell,,howl,,call out
255,违,,,defy,,wéi,,disobey,,violate
255,汇,,,gather,,huì,,concourse
255,币,,,coins,,bì,,currency
255,殊,,,special,,shū,,unusual,,different
255,献,,,offer,,xiàn,,show,,present,,display
256,裁,,,cut out,,cái,,decrease
256,触,,,butt,,chù,,ram,,gore,,touch
256,敬,,,honor,,jìng,,respect
256,墙,,,wall,,qiáng
256,召,,,summon,,zhào
257,罚,,,fine,,fá,,penalty,,punish,,penalize
257,享,,,enjoy,,xiǎng
257,犹,,,as,,yóu,,like,,just like,,similar to
257,彻,,,pervade,,chè,,penetrate,,penetrating
257,描,,,copy,,miáo,,trace,,sketch,,depict
258,妙,,,subtle,,miào,,mysterious,,exquisite
258,彼,,,that,,bǐ,,there,,those
258,仿,,,copy,,fǎng,,as if,,imitate
258,闭,,,shut,,bì,,close,,obstruct,,block up
258,庆,,,celebrate,,qìng,,congratulate
259,泪,,,cry,,lèi,,tears,,weep
259,朗,,,clear,,lǎng,,bright,,distinct
259,尾,,,tail,,wěi,,end,,stern,,extremity
259,偷,,,thief,,tōu,,to steal,,burglar
259,虫,,,worms,,chóng,,insects
260,淡,,,weak,,dàn,,watery,,insipid,,tasteless
260,恨,,,hate,,hèn,,hatred,,resent,,dislike
260,繁,,,complex,,fán,,difficult,,complicated
260,伴,,,comrade,,bàn,,partner,,companion,,accompany
260,旦,,,dawn,,dàn,,day,,morning
261,潮,,,tide,,cháo,,wet,,damp,,flow,,moist
261,粮,,,food,,liáng,,grain,,provisions
261,缩,,,reduce,,suō,,contract,,draw in
261,挑,,,to carry,,tiāo
261,灰,,,ashes,,huī,,dust,,lime,,mortar
262,珍,,,rare,,zhēn,,precious,,valuable
262,幕,,,tent,,mù,,curtain,,screen
262,映,,,project,,yìng
262,隔,,,separate,,gé,,partition
262,启,,,open,,qǐ,,begin,,explain,,commence
263,泛,,,float,,fàn,,to drift,,careless,,reckless
263,偿,,,repay,,cháng,,recompense,,restitution
263,呆,,,dull,,dāi,,simple,,stupid,,dull-minded
263,衡,,,weigh,,héng,,judge,,measure,,consider
263,舍,,,house,,shě,,dwell,,reside,,dwelling
264,婆,,,old woman,,pó,,grandmother
264,灾,,,calamity,,zāi,,disaster,,catastrophe
264,胆,,,bravery,,dǎn,,courage,,gall bladder
264,俗,,,vulgar,,sú,,unrefined
264,辩,,,argue,,biàn,,dispute,,debate,,discuss
265,胸,,,breast,,xiōng,,bosom,,chest,,thorax
265,劲,,,strong,,jìn,,tough,,power,,unyielding
265,辑,,,edit,,jí,,collect,,compile,,gather up
265,恢,,,big,,huī,,vast,,great,,restore,,immense
265,圈,,,corral,,quān,,to circle,,a circle
266,摸,,,caress,,mō
266,润,,,soft,,rùn,,moist,,sleek,,freshen
266,堆,,,heap,,duī,,pile,,crowd,,pile up
266,碰,,,collide,,pèng,,bump into
266,废,,,abrogate,,fèi,,discard,,terminate
267,吹,,,blow,,chuī,,puff,,brag,,boast
267,糊,,,paste,,hú
267,盾,,,shield,,dùn
267,乏,,,lack,,fá,,poor
267,诊,,,diagnose,,zhěn
268,摄,,,take in,,shè,,absorb
268,凭,,,lean on,,píng,,rely on,,depend on
268,抢,,,rob,,qiǎng,,plunder
268,绪,,,clue,,xù,,thread
268,肩,,,bear,,jiān,,shoulders,,to shoulder
269,幻,,,mirage,,huàn,,illusion,,fantasy
269,碎,,,break,,suì,,smash,,broken,,busted
269,返,,,return,,fǎn,,restore,,revert to
269,薄,,,thin,,báo,,weak,,poor,,slight,,stingy
269,悄,,,silent,,qiāo,,quiet,,still,,anxious
270,敏,,,fast,,mǐn,,quick,,smart,,clever
270,碍,,,block,,ài,,deter,,hinder,,obstruct
270,矛,,,spear,,máo,,lance
270,幅,,,hem,,fú,,piece,,strip,,breadth of
270,颗,,,grain,,kē,,kernel
271,骂,,,accuse,,mà,,blame,,curse,,scold
271,赏,,,reward,,shǎng,,grant,,bestow,,appreciate
271,贴,,,paste to,,tiē,,stick on,,attached to
271,腰,,,waist,,yāo,,kidney
271,眉,,,eyebrows,,méi
272,恋,,,love,,liàn,,love,,long for,,yearn for
272,吓,,,scare,,xià,,frighten,,intimidate
272,辞,,,words,,cí,,speech,,phrase,,expression
272,辈,,,class,,bèi,,lifetime,,generation
272,滑,,,slip,,huá,,slide,,slippery,,polished
273,绕,,,entwine,,rào,,surround,,wind around
273,趋,,,hasten,,qū,,hurry
273,胁,,,ribs,,xié,,flank,,armpits,,threaten
273,插,,,insert,,chā,,plant,,stick into
273,慧,,,bright,,huì,,intelligent
274,媒,,,medium,,méi,,go-between,,matchmaker
274,佩,,,pendant,,pèi,,respect
274,豪,,,brave,,háo,,heroic,,chivalrous
274,兼,,,and,,jiān,,unite,,combine,,connect
274,跃,,,skip,,yuè,,jump,,frolic
275,肃,,,reverently,,sù,,pay respects
275,驶,,,sail,,shǐ,,fast,,drive,,pilot,,quick
275,届,,,term,,jiè
275,欣,,,happy,,xīn,,joyous,,delighted
275,惠,,,favor,,huì,,benefit
276,册,,,book,,cè,,list,,volume,,register
276,飘,,,cyclone,,piāo,,whirlwind,,floating
276,闲,,,fence,,xián,,guard,,defend,,idle time
276,频,,,frequently,,pín
276,递,,,deliver,,dì,,hand over,,substitute
277,撞,,,collide,,zhuàng,,bump into
277,滚,,,turn,,gǔn
277,贡,,,gifts,,gòng,,tribute
277,疯,,,crazy,,fēng,,insane
277,瞧,,,see,,qiáo,,look at,,glance at
278,燃,,,burn,,rán,,ignite,,light fire
278,锁,,,lock,,suǒ,,chains,,padlock,,shackles
278,劝,,,urge,,quàn,,advise,,recommend
278,搜,,,seek,,sōu,,search,,investigate
278,勤,,,diligent,,qín,,attentive,,industrious
279,戒,,,warn,,jiè,,caution,,admonish
279,驾,,,fly,,jià,,sail,,a cart,,to drive,,carriage
279,柔,,,soft,,róu,,gentle,,pliant
279,腐,,,rot,,fǔ,,decay,,spoil,,rotten
279,幼,,,infant,,yòu,,immature,,young child
280,践,,,trample,,jiàn,,walk on,,tread upon
280,浓,,,thick,,nóng,,strong
280,竹,,,bamboo,,zhú,,flute
280,逻,,,patrol,,luó,,watch,,patrol,,inspect
280,遵,,,obey,,zūn,,honor,,follow,,comply with
281,饰,,,adorn,,shì,,decorate,,ornament
281,贷,,,lend,,dài,,borrow,,pardon
281,叙,,,state,,xù,,express,,relate,,narrate
281,沟,,,ditch,,gōu,,drain
281,扶,,,help,,fú,,support,,protect,,hold on
282,寿,,,old age,,shòu,,lifespan,,long life
282,询,,,consult,,xún,,ask about,,inquire into
282,匆,,,hastily,,cōng,,in haste,,hurriedly
282,奈,,,but,,nài,,how,,bear,,stand,,endure
282,慰,,,calm,,wèi,,comfort,,console
283,怨,,,hatred,,yuàn,,enmity,,resentment
283,躲,,,hide,,duǒ,,avoid,,escape,,secrete
283,紫,,,purple,,zǐ,,violet,,surname,,amethyst
283,艰,,,hard,,jiān,,difficult,,distressing
283,慌,,,nervous,,huāng,,panicky,,frantic
284,吐,,,vomit,,tǔ,,spew out,,cough up
284,咬,,,bite,,yǎo,,gnaw
284,挤,,,crowd,,jǐ,,squeeze
284,弯,,,bend,,wān,,curve
284,雾,,,fog,,wù,,mist,,vapor,,fine spray
285,屈,,,bend,,qū,,flex,,bent,,crouch,,crooked
285,蛇,,,snake,,shé
285,鼠,,,rat,,shǔ,,mouse
285,吨,,,metric ton,,dūn,,gibberish
285,池,,,pool,,chí,,pond,,moat,,cistern
286,冠,,,cap,,guān,,crown,,headgear
286,尘,,,dust,,chén,,dirt,,ashes,,cinders
286,浅,,,shallow,,qiǎn,,not deep,,superficial
286,喷,,,spurt,,pēn,,blow out,,puff out
286,凌,,,pure,,líng,,insult,,virtuous,,maltreat
287,赔,,,indemnify,,péi,,suffer loss
287,涂,,,surname,,tú
287,亏,,,lose,,kuī,,fail,,damage,,deficient
287,寂,,,still,,jì,,quiet,,silent,,desolate
287,煤,,,coal,,méi,,coke,,carbon,,charcoal
288,恭,,,polite,,gōng,,reverent,,respectful
288,湿,,,wet,,shī,,damp,,moist,,humid,,illness
288,秩,,,order,,zhì,,salary,,decade,,orderly
288,宿,,,stop,,sù,,rest,,lodge
288,烂,,,rotten,,làn,,spoiled,,decayed
289,抖,,,shake,,dǒu,,rouse,,tremble,,give shake
289,昆,,,descendants,,kūn
289,猪,,,pig,,zhū,,hog,,wild boar
289,慎,,,be cautious,,shèn
289,玻,,,glass,,bō
290,齿,,,age,,chǐ,,teeth,,cogs,,gears
290,押,,,guard,,yā,,pledge,,detain,,mortgage,,deposit
290,漠,,,cool,,mò,,desert,,aloof,,indifferent
290,疲,,,weak,,pí,,feel tired
290,醉,,,drunk,,zuì,,intoxicated,,addicted to
291,拳,,,fist,,quán
291,斜,,,slanting,,xié,,sloping,,inclined
291,档,,,shelf,,dàng,,frame,,crosspiece
291,豆,,,beans,,dòu,,peas,,bean-shaped
291,拼,,,link,,pīn,,incorporate
292,歇,,,rest,,xiē,,stop,,lodge
292,桃,,,peach,,táo,,surname,,marriage
292,嘉,,,joyful,,jiā,,excellent,,auspicious
292,俊,,,talented,,jùn,,capable,,handsome
292,乙,,,second,,yǐ
293,妨,,,impede,,fáng,,obstruct
293,挣,,,strive,,zhēng,,endeavor,,struggle
293,览,,,look at,,lǎn,,inspect,,perceive
293,璃,,,glass,,lí
293,滴,,,drip,,dī
294,丑,,,clown,,chǒu,,comedian
294,劣,,,bad,,liè,,inferior,,slightly
294,俱,,,all,,jù,,together,,accompany
294,蜂,,,bee,,fēng,,wasp,,hornet
294,谨,,,prudent,,jǐn,,cautious,,attentive
295,糟,,,dregs,,zāo,,pickle,,sediment
295,苗,,,sprouts,,miáo
295,肠,,,sausage,,cháng,,emotions,,intestines
295,挡,,,stop,,dǎng,,impede,,resist,,obstruct
295,纲,,,hawser,,gāng,,heavy rope,,main points
296,膀,,,wing,,bǎng,,upper arm,,shoulder
296,卧,,,crouch,,wò,,lie down
296,欠,,,owe,,qiàn,,lack
296,夸,,,handsome,,kuā,,luxurious,,extravagant
296,豫,,,relaxed,,yù,,at ease,,comfortable
297,胃,,,stomach,,wèi
297,睁,,,stare,,zhēng,,open eyes
297,铃,,,bell,,líng
297,吻,,,kiss,,wěn,,the lips,,coinciding
297,脆,,,crisp,,cuì,,frail,,fragile,,brittle
298,柴,,,fuel,,chái,,firewood,,faggots
298,绳,,,rope,,shéng,,cord,,string,,control
298,眠,,,sleep,,mián,,close eyes,,hibernate
298,傻,,,silly,,shǎ,,foolish,,stupid,,an imbecile
298,扇,,,fan,,shàn,,door panel
299,柜,,,cabinet,,guì,,cupboard
299,拦,,,bar,,lán,,impede,,hinder,,obstruct
299,夕,,,dusk,,xī,,night,,evening,,slanted
299,氛,,,gas,,fēn,,air,,vapor
299,蜜,,,honey,,mì,,sweet,,nectar
300,摘,,,pluck,,zhāi,,pick,,select,,specify
300,披,,,wear,,pī,,split,,crack
300,辅,,,assist,,fǔ,,cheek bone,,protective
300,盆,,,tub,,pén,,pot,,basin,,bowl
300,吵,,,argue,,chǎo,,annoy,,dispute,,disturb
301,骤,,,gallop,,zhòu,,procedure,,sudden(ly)
301,漏,,,leak,,lòu,,drip,,funnel,,hour glass
301,悠,,,long,,yōu,,far,,remote,,distant,,liesurely
301,滩,,,bank,,tān,,shoal,,rapids,,a sandbar
301,嫁,,,to marry,,jià
302,催,,,press,,cuī,,urge
302,翅,,,fin,,chì,,wings
302,锅,,,saucepan,,guō,,cooking-pot
302,拆,,,rip open,,chāi,,to break up,,to destroy,,split apart
302,棋,,,chess,,qí
303,唉,,,alas,,āi
303,孕,,,pregnancy,,yùn,,be pregnant
303,链,,,chain,,liàn,,wire,,cable,,chain,,shack
303,艳,,,sexy,,yàn,,beautiful,,voluptuous
303,臭,,,smell,,chòu,,stink
304,愁,,,anxiety,,chóu,,be anxious
304,孝,,,mourning,,xiào,,obedience,,filial piety
304,冻,,,cold,,dòng,,freeze,,jelly,,congeal
304,闯,,,rush in,,chuǎng,,burst in,,charge in
304,宴,,,feast,,yàn,,a feast,,banquet,,to entertain
305,胶,,,glue,,jiāo,,gum,,resin,,sound,,rubber
305,盼,,,look,,pàn,,gaze,,expect,,hope for
305,脖,,,neck,,bó
305,虹,,,rainbow,,hóng
305,账,,,bill,,zhàng,,debt,,credit,,accounts
306,倡,,,guide,,chàng,,lead,,leader,,introduce
306,猴,,,ape,,hóu,,monkey,,monkey-like
306,寓,,,lodge,,yù,,dwell,,residence
306,狮,,,lion,,shī
306,抄,,,copy,,chāo,,seize,,confiscate
307,晕,,,fog,,yūn,,dizzy,,faint,,halo in sky
307,砍,,,hack,,kǎn,,cut,,chop,,fell
307,剪,,,cut,,jiǎn,,divide,,scissors,,separate
307,叉,,,fork,,chā,,crotch,,prong
307,拐,,,turn,,guǎi,,kidnap,,abduct
308,捐,,,give up,,juān,,renounce,,contribute
308,歪,,,slant,,wāi,,awry,,askewd,,inclined
308,粘,,,viscous,,zhān,,mucous,,glutinous
308,窄,,,narrow,,zhǎi,,tight
308,鞭,,,whip,,biān,,whip
309,厦,,,mansion,,shà,,big building
309,恳,,,sincere,,kěn,,earnest,,cordial
309,憾,,,remorse,,hàn,,to regret
309,摔,,,trip,,shuāi,,stumble,,fall ground
309,愧,,,ashamed,,kuì
310,洒,,,pour,,sǎ,,sprinkle,,scatter,,to shiver
310,钓,,,fish,,diào,,lure,,tempt,,fishhook
310,蝶,,,butterfly,,dié
310,讽,,,recite,,fěng,,incant,,satirize
310,撕,,,rip,,sī,,tear,,buy cloth
311,谦,,,humble,,qiān,,modest
311,兔,,,hare,,tù,,rabbit
311,荐,,,repeat,,jiàn,,reoccur,,recommend
311,炭,,,coal,,tàn,,carbon,,charcoal
311,裹,,,wrap,,guǒ,,bind,,confine,,encircle
312,瞎,,,blind,,xiā,,rash,,reckless
312,咨,,,plan,,zī,,inquire,,consult,,discuss
312,宠,,,favor,,chǒng,,favorite,,concubine
312,兑,,,cash,,duì,,exchange
312,霉,,,mold,,méi,,mildew,,moldy,,mildewed
313,塘,,,pond,,táng,,tank,,dike,,embankment
313,厢,,,wing,,xiāng,,side-room,,theatre box
313,乖,,,rebel,,guāi,,crafty,,shrewd
313,娱,,,pleasure,,yú,,enjoyment,,amusement
313,娶,,,marry,,qǔ,,take wife
314,嗓,,,voice,,sǎng,,throat
314,蹲,,,squat,,dūn,,crouch,,idle about
314,淘,,,weed out,,táo
314,嫩,,,soft,,nèn,,young,,tender,,delicate
314,壶,,,jar,,hú,,pot,,jug,,vase,,surname
315,傍,,,near,,bàng,,close,,beside,,by side of
315,勿,,,never,,wù,,do not,,must not,,without
315,踩,,,step on,,cǎi
315,煮,,,cook,,zhǔ
315,逗,,,tempt,,dòu,,stir,,allure,,arouse
316,炒,,,fry,,chǎo,,boil,,cook,,saute,,roast
316,寞,,,silent,,mò,,still,,lonely,,solitary
316,甩,,,discard,,shuǎi,,throw away
316,燥,,,dry,,zào,,arid,,parched
316,晒,,,dry in sun,,shài
317,绸,,,silk cloth,,chóu
317,屿,,,island,,yǔ
317,痒,,,itch,,yǎng
317,耽,,,indulge in,,dān
317,魅,,,elf,,mèi
318,狡,,,cunning,,jiǎo,,deceitful,,treacherous
318,匀,,,equal,,yún
318,熬,,,endure,,áo,,to boil,,cook down
318,毯,,,rug,,tǎn,,carpet,,blanket
318,梳,,,comb,,shū,,brush
319,蔬,,,greens,,shū,,vegetables
319,捡,,,to pick up,,jiǎn
319,删,,,to cut,,shān,,delete
319,浏,,,clear,,liú,,bright,,whistling
319,裔,,,progeny,,yì,,posterity,,descendants
320,浇,,,spray,,jiāo,,water,,sprinkle
320,姥,,,midwife,,lǎo
320,烫,,,scald,,tàng,,heat,,wash
320,惭,,,ashamed,,cán,,shameful,,humiliated
320,蝴,,,butterfly,,hú
321,梨,,,pear,,lí,,cut,,opera,,slash
321,醋,,,envy,,cù,,vinegar,,jealousy
321,猾,,,crafty,,huá,,shrewd,,cunning,,deceitful
321,皂,,,soap,,zào,,black
321,糙,,,coarse,,cāo,,harsh,,rough
322,屉,,,pad,,tì,,tray,,drawer,,screen
322,椒,,,pepper,,jiāo,,spices
322,桔,,,well-swept,,jú
322,嚏,,,sneeze,,tì
322,斯,,,this,,sī,,thus,,such,,to lop off
323,党,,,gang,,dǎng,,faction
323,陈,,,plead,,chén,,exhibit,,display,,a surname
323,攻,,,attack,,gōng,,assault,,criticize
323,帝,,,god,,dì,,emperor
323,若,,,if,,ruò,,similar,,assuming,,supposing
324,波,,,waves,,bō,,breakers,,undulations
324,异,,,unusual,,yì,,strange,,different
324,策,,,plan,,cè,,urge,,scheme,,to whip
324,罪,,,sin,,zuì,,crime,,vice,,evil,,hardship
324,州,,,state,,zhōu
325,宗,,,clan,,zōng,,lineage,,ancestry,,ancestor
325,协,,,be united,,xié,,cooperate
325,审,,,judge,,shěn,,examine,,investigate
325,皇,,,royal,,huáng,,ruler,,imperial,,superior
325,副,,,assist,,fù,,assistant,,supplement
326,抗,,,defy,,kàng,,resist,,oppose,,reject
326,犯,,,violate,,fàn,,criminal,,commit crime
326,田,,,field,,tián,,cultivated,,arable land
326,央,,,beg,,yāng,,center,,run out,,conclude
326,监,,,direct,,jiān,,control,,supervise
327,露,,,dew,,lù,,bare,,open,,exposed
327,野,,,field,,yě,,wilderness,,open country
327,舰,,,warship,,jiàn
327,湾,,,bay,,wān,,cove,,inlet
327,吉,,,lucky,,jí,,good,,propitious
328,剑,,,sword,,jiàn,,saber,,dagger
328,亦,,,also,,yì,,too,,likewise
328,恩,,,mercy,,ēn,,kindness,,charity
328,鲁,,,rash,,lǔ,,foolish,,stupid,,vulgar
328,端,,,end,,duān,,head,,extreme,,beginning
329,探,,,find,,tàn,,locate,,search,,grope for
329,湖,,,a lake,,hú,,Hubei,,Hunan
329,予,,,I,,yǔ,,me,,to give
329,港,,,port,,gǎng,,bay,,harbor
329,额,,,fixed,,é,,tablet,,plaque,,forehead
330,督,,,direct,,dū,,oversee,,supervise
330,泽,,,marsh,,zé,,swamp,,grace,,brilliance
330,灭,,,wipe out,,miè,,extinguish,,exterminate
330,莫,,,do not,,mò,,is not,,can not,,negative
330,亡,,,death,,wáng,,lose,,perish,,destroyed
331,圣,,,holy,,shèng,,sacred
331,诺,,,promise,,nuò,,assent,,approve
331,奥,,,obscure,,ào,,profound,,mysterious
331,唐,,,Chinese,,táng,,Tang dynasty
331,堂,,,hall,,táng
332,宫,,,palace,,gōng
332,君,,,ruler,,jūn,,chief,,prince,,monarch,,sovereign
332,谋,,,plan,,móu,,scheme,,strategem
332,镇,,,town,,zhèn,,suppress
332,凡,,,all,,fán,,any,,every,,common,,ordinary
333,诸,,,all,,zhū,,these,,various,,surname
333,庄,,,villa,,zhuāng,,manor,,village,,hamlet
333,祖,,,ancestor,,zǔ,,forefather,,grandfather
333,暴,,,violent,,bào,,brutal,,tyrannical
333,塔,,,tower,,tǎ,,spire
334,隐,,,hide,,yǐn,,hidden,,secret,,conceal
334,蒙,,,cover,,méng,,suffer,,ignorant,,mongolia
334,欲,,,want,,yù,,desire,,intend,,long for
334,遭,,,meet with,,zāo,,encounter,,come across
334,徒,,,disciple,,tú,,follower,,go on foot
335,曲,,,bent,,qū,,wrong,,false,,crooked
335,塞,,,seal,,sāi,,cork,,pass,,block,,stop up
335,侵,,,raid,,qīn,,invade
335,刑,,,law,,xíng,,penalty,,punishment
335,谷,,,valley,,gǔ,,gorge,,ravine
336,川,,,flow,,chuān,,boil,,stream,,river
336,潜,,,hide,,qián,,hidden,,secret,,latent
336,抵,,,deny,,dǐ,,resist,,oppose,,off-set
336,杰,,,hero,,jié,,heroic,,outstanding
336,混,,,to mix,,hùn,,blend,,mingle
337,臣,,,minister,,chén,,official,,statesman
337,雅,,,elegant,,yǎ,,refined,,graceful
337,盛,,,fill,,shèng,,abundant,,contain,,flourishing
337,怒,,,anger,,nù,,rage,,angry,,passion
337,残,,,injure,,cán,,spoil,,broken,,oppress
338,宇,,,house,,yǔ,,eaves,,building,,structure
338,猛,,,bold,,měng,,cruel,,violent,,savage
338,毁,,,destroy,,huǐ
338,盟,,,swear,,méng,,oath,,covenant,,alliance
338,丁,,,robust,,dīng,,vigorous,,male adult
339,魔,,,demon,,mó,,magic power
339,沿,,,go along,,yán
339,瓦,,,tile,,wǎ,,girl
339,援,,,aid,,yuán,,lead,,cite,,assist
339,夺,,,rob,,duó,,snatch
340,偏,,,slanting,,piān
340,袭,,,raid,,xí,,attack,,inherit
340,侧,,,side,,cè,,lean,,slant,,incline
340,债,,,debt,,zhài,,loan,,liabilities
340,融,,,melt,,róng,,fuse,,blend,,harmonize
341,纵,,,indulge in,,zòng
341,障,,,shield,,zhàng,,separate,,barricade
341,讯,,,ask,,xùn,,inquire,,examine,,reproach
341,涉,,,ford stream,,shè,,wade across
341,刊,,,publish,,kān,,publication,,periodical
342,爆,,,pop,,bào,,burst,,crackle,,explode
342,乌,,,crow,,wū,,rook,,dark,,raven,,black
342,役,,,service,,yì,,laborer,,to serve,,a servant
342,患,,,suffer,,huàn,,suffering,,worry about
342,仙,,,immortal,,xiān
343,症,,,disease,,zhèng,,illness,,ailment
343,倾,,,upset,,qīng,,pour out,,overflow
343,陷,,,sink,,xiàn,,trap,,plunge,,submerge
343,轰,,,rumble,,hōng,,blast,,explosion
343,撤,,,omit,,chè,,remove,,withdraw
344,疾,,,illness,,jí,,disease,,to hate,,sickness
344,缘,,,hem,,yuán,,fate,,cause,,margin,,reason
344,杜,,,stop,,dù,,prevent,,surname,,restrict
344,仪,,,admire,,yí,,ceremony,,rites gifts
344,奔,,,run,,bēn,,flee,,run fast,,rush about
345,珠,,,gem,,zhū,,jewel,,pearl
345,驻,,,to stop,,zhù,,reside at
345,孔,,,hole,,kǒng,,great,,opening,,orifice
345,翼,,,wings,,yì,,shelter
345,叹,,,sigh,,tàn,,admire
346,愈,,,even more,,yù
346,罢,,,cease,,bà,,stop,,finish,,give up
346,径,,,direct,,jìng,,diameter,,narrow path
346,恰,,,just,,qià,,proper,,exactly,,precisely
346,捕,,,arrest,,bǔ,,catch,,seize
347,裂,,,split,,liè,,rend,,crack,,break open
347,泰,,,big,,tài,,great,,exalted,,superior
347,尖,,,sharp,,jiān,,keen,,acute,,pointed
347,忠,,,loyalty,,zhōng,,devotion,,fidelity
347,炎,,,hot,,yán,,flame,,blaze
348,荒,,,desert,,huāng,,wasteland
348,横,,,across,,héng
348,孤,,,orphan,,gū,,solitary,,fatherless
348,胞,,,womb,,bāo,,placenta
348,魂,,,soul,,hún,,spirit
349,洪,,,vast,,hóng,,flood,,deluge,,immense
349,津,,,ferry,,jīn,,ford,,saliva
349,晓,,,dawn,,xiǎo,,clear,,daybreak,,explicit
349,贫,,,poor,,pín,,needy
349,仁,,,kindness,,rén,,humaneness,,benevolence
350,赖,,,rely,,lài,,depend on
350,仰,,,admire,,yǎng,,rely on,,look up to
350,艇,,,punt,,tǐng,,dugout,,small boat
350,凶,,,bad,,xiōng,,sad,,culprit,,murder
350,御,,,drive,,yù,,ride,,manage,,chariot
351,奉,,,offer,,fèng,,serve,,receive,,respect
351,旋,,,revolve,,xuán,,return
351,晨,,,daybreak,,chén
351,伏,,,crouch,,fú,,crawl,,conceal,,lie hidden
351,隆,,,abundant,,lóng,,prosperous,,plentiful
352,奴,,,slave,,nú,,servant
352,丧,,,mourn,,sàng,,mourning,,funeral
352,渡,,,cross,,dù,,ferry,,ferry over
352,旗,,,flag,,qí,,banner,,streamer
352,甘,,,sweet,,gān,,tasty,,sweetness
353,扎,,,pull up,,zhā,,pierce
353,梁,,,beam,,liáng,,bridge,,rafters,,surname
353,皆,,,all,,jiē,,every,,everybody
353,岩,,,cliff,,yán,,rocks,,mountain
353,荡,,,pond,,dàng,,pool,,cleanse,,wash away
354,井,,,well,,jǐng,,pit,,mine shaft
354,壮,,,big,,zhuàng,,large,,robust
354,殖,,,breed,,zhí,,spawn,,prosper,,increase
354,霍,,,quickly,,huò,,surname,,suddenly
354,撒,,,relax,,sā,,release,,let go,,disperse,,cast away
355,液,,,sap,,yè,,juice,,fluid,,liquid
355,番,,,a turn,,fān,,a time,,to repeat
355,郎,,,husband,,láng,,gentleman,,young man
355,忧,,,sad,,yōu,,grief,,grieved,,melancholy
355,浮,,,waft,,fú,,drift,,to float,,to exceed,,superfluous
356,艘,,,vessels,,sōu
356,伍,,,five,,wǔ,,troops
356,峰,,,peak,,fēng,,summit
356,黎,,,many,,lí,,black,,surname,,numerous
356,侦,,,spy,,zhēn,,detective,,reconnoiter
357,券,,,ticket,,quàn,,certificate,,title deeds
357,崇,,,esteem,,chóng,,honor,,revere,,venerate
357,宪,,,law,,xiàn,,statute,,constitution
357,慈,,,kind,,cí,,charitable,,benevolent
357,枝,,,limbs,,zhī,,branches,,branch off
358,拖,,,drag,,tuō,,tow,,haul,,delay,,prolong
358,墨,,,ink,,mò,,writing
358,箭,,,arrow,,jiàn
358,粉,,,powder,,fěn,,plaster,,face powder
358,泥,,,mud,,ní,,mire,,clay,,earth,,plaster
359,氏,,,clan,,shì,,family,,mister
359,拔,,,uproot,,bá,,pull out
359,愤,,,hate,,fèn,,resent,,indignant
359,扑,,,pound,,pū,,beat,,strike,,attack
359,驱,,,expel,,qū,,drive away
360,掩,,,shut,,yǎn,,ambush,,conceal
360,尸,,,corpse,,shī,,to preside
360,堡,,,fort,,bǎo,,town,,village,,fortress
360,储,,,heir,,chǔ,,store,,reserve,,save money
360,桑,,,surname,,sāng
361,惨,,,sad,,cǎn,,cruel,,pitiful,,wretched
361,洁,,,clean,,jié,,pure,,purify
361,踪,,,traces,,zōng,,tracks,,footprints
361,勃,,,quick,,bó,,sudden,,suddenly
361,仇,,,enemy,,chóu,,hate,,hatred,,enmity
362,磨,,,rub,,mó,,grind,,polish,,wear out,,a millstone
362,拟,,,draft,,nǐ,,plan,,intend,,propose
362,奏,,,report,,zòu
362,巡,,,patrol,,xún,,cruise
362,坡,,,slope,,pō,,bank,,hillside
363,截,,,stop,,jié,,cut off,,obstruct,,intersect
363,焦,,,burned,,jiāo,,vexed,,anxious,,scorched
363,殿,,,hall,,diàn,,palace,,temple
363,伪,,,false,,wěi,,bogus,,counterfeit
363,逼,,,compel,,bī,,force,,bother,,pressure
364,颇,,,very,,pō,,rather
364,昏,,,dusk,,hūn,,dark,,twilight,,nightfall
364,呈,,,show,,chéng,,submit,,appear,,petition
364,牧,,,shepherd,,mù,,tend cattle
364,牲,,,animal,,shēng
365,佳,,,good,,jiā,,beautiful,,auspicious,,delightful
365,稿,,,draft,,gǎo,,manuscript,,rough copy
365,腹,,,belly,,fù,,stomach,,inside,,abdomen
365,跌,,,slip,,diē,,stamp,,stumble,,fall down
365,垂,,,hand,,chuí,,down,,let down,,suspend
366,脉,,,veins,,mài,,arteries
366,狱,,,jail,,yù,,case,,prison,,lawsuit
366,惑,,,doubt,,huò,,confuse,,baffle,,mislead
366,陶,,,pottery,,táo,,ceramics
366,兽,,,beast,,shòu,,animal,,bestial
367,帐,,,tent,,zhàng,,screen
367,昌,,,good,,chāng,,proper,,light of sun
367,铺,,,shop,,pù,,bed,,store,,place sleep
367,惧,,,fear,,jù,,dread
367,盗,,,rob,,dào,,steal,,thief,,bandit
368,辉,,,luster,,huī,,brightness,,brilliance
368,扣,,,rap,,kòu,,tap,,knock,,strike,,button
368,董,,,direct,,dǒng,,surname,,supervise
368,迁,,,move,,qiān,,shift,,change,,transfer
368,凝,,,freeze,,níng,,congeal,,coagulate
369,腾,,,fly,,téng,,run,,rise,,gallop,,prance
369,埋,,,bury,,mái,,secrete,,conceal
369,涌,,,surge up,,yǒng,,bubble up,,gush forth
369,辖,,,control,,xiá
369,晋,,,advance,,jìn,,promote,,increase
370,狠,,,cruel,,hěn,,vicious,,extreme,,severely
370,鉴,,,mirror,,jiàn,,reflect
370,械,,,weapons,,xiè,,implements,,instruments
370,割,,,cut,,gē,,cede,,divide,,partition
370,揭,,,raise,,jiē,,lift up,,surname
371,悟,,,realize,,wù,,to apprehend
371,锋,,,sharp point,,fēng
371,祥,,,good luck,,xiáng,,good omen,,happiness
371,阔,,,broad,,kuò,,wide,,ample,,be apart
371,誉,,,fame,,yù,,praise,,reputation
372,筹,,,chip,,chóu,,tally,,token,,raise money
372,丛,,,bush,,cóng,,shrub,,thicket,,collection
372,牵,,,drag,,qiān,,pull
372,鸣,,,make sound,,míng
372,旨,,,aim,,zhǐ,,purpose,,excellent
373,袖,,,sleeve,,xiù
373,猎,,,hunt,,liè
373,臂,,,arm,,bì
373,柱,,,post,,zhù,,pillar,,support,,lean on
373,抛,,,throw (away),,pāo
374,牢,,,pen,,láo,,prison,,stable,,secure
374,逊,,,humble,,xùn,,yield,,modest
374,迈,,,pass by,,mài
374,欺,,,cheat,,qī,,deceive
374,衰,,,decline,,shuāi,,falter,,weaken,,decrease
375,诱,,,guide,,yòu,,entice,,induce,,persuade
375,狼,,,wolf,,láng
375,仗,,,war,,zhàng,,fight,,rely upon,,weaponry,,protector
375,粒,,,grain,,lì
375,遥,,,remote,,yáo,,far away,,distant
376,抚,,,pat,,fǔ,,pacify,,console,,comfort
376,纠,,,inspect,,jiū,,investigate
376,钻,,,drill,,zuān,,bore,,pierce,,diamond
376,晶,,,clear,,jīng,,crystal,,bright,,radiant
376,岂,,,how? what?,,qǐ
377,峡,,,gorge,,xiá,,strait,,ravine,,isthmus
377,苍,,,blue,,cāng,,green
377,耗,,,waste,,hào,,consume,,use up,,squander
377,菌,,,germ,,jūn,,mushroom,,microbe
377,粹,,,pure,,cuì,,select
378,扁,,,flat,,biǎn,,tablet,,signboard
378,循,,,obey,,xún,,follow,,comply with
378,赋,,,tax,,fù,,give,,army,,endow,,diffuse
378,抑,,,curb,,yì,,hinder,,repress,,press down
378,哀,,,sad,,āi,,pity,,pitiful,,mournful
379,踏,,,walk,,tà,,step on,,trample,,tread on
379,恒,,,constant,,héng,,regular,,persistent
379,纽,,,knot,,niǔ,,tie,,knob,,button,,handle
379,纹,,,line,,wén,,streak,,stripe,,wrinkle
379,渔,,,seize,,yú,,to fish,,pursue,,surname
380,磁,,,magnetic,,cí,,magnetism,,porcelain
380,铜,,,copper,,tóng,,brass,,bronze
380,跨,,,ride,,kuà,,carry,,straddle,,bestride
380,怖,,,fear,,bù,,terror,,frighten,,terrified
380,叛,,,rebel,,pàn,,rebellion,,rebellious
381,遣,,,send,,qiǎn,,exile,,dispatch,,send off
381,弥,,,full,,mí,,fill,,extensive,,complete
381,稀,,,rare,,xī,,scarce,,sparse,,unusual
381,捷,,,win,,jié,,victory,,triumph
381,疫,,,plague,,yì,,epidemic,,pestilence
382,肿,,,swell,,zhǒng,,swollen,,swelling
382,削,,,pare,,xuē,,trim,,scrape off
382,岗,,,post,,gǎng,,position
382,晃,,,bright,,huǎng,,shake,,to sway,,dazzling
382,吞,,,annex,,tūn,,swallow,,absorb,,engulf
383,宏,,,wide,,hóng,,vast,,great,,spacious
383,癌,,,cancer,,ái,,marmoset
383,隶,,,servant,,lì,,subservient
383,履,,,shoes,,lǚ,,tread,,footwear,,walk on
383,耀,,,shine,,yào,,glory,,dazzle,,sparkle
384,扭,,,turn,,niǔ,,twist,,seize,,grasp,,wrench
384,坛,,,altar,,tán,,arena
384,拨,,,move,,bō,,dispel,,distribute
384,沃,,,water,,wò,,rich,,fertile,,irrigate
384,绘,,,draw,,huì,,paint,,sketch
385,伐,,,attack,,fá,,cut down,,subjugate
385,堪,,,worthy of,,kān
385,牺,,,give up,,xī,,sacrifice,,sacrificial
385,墓,,,grave,,mù,,tomb
385,雇,,,employ,,gù,,to hire
386,廉,,,upright,,lián,,honest,,honorable
386,惩,,,warn,,chéng,,punish,,reprimand
386,捉,,,grasp,,zhuō,,catch,,seize,,clutch
386,覆,,,cover,,fù,,reply,,return,,tip over
386,劫,,,coerce,,jié,,disaster
387,嫌,,,hate,,xián,,detest,,suspect,,criticize
387,雕,,,inlay,,diāo,,carve,,engrave,,exhaust,,used for
387,闷,,,gloomy,,mèn,,depressed,,melancholy
387,乳,,,milk,,rǔ,,breast,,suckle,,nipples
387,串,,,string,,chuàn,,conspire,,relatives
388,娃,,,baby,,wá,,doll,,pretty girl
388,缴,,,deliver,,jiǎo,,submit,,hand over
388,唤,,,call,,huàn
388,妥,,,satisfactory,,tuǒ,,appropriate
388,搭,,,add to,,dā,,attach to
389,赴,,,go to,,fù,,attend,,be present
389,岳,,,surname,,yuè
389,舱,,,cabin,,cāng,,hold of ship
389,庞,,,big,,páng,,huge,,messy,,disorderly
389,耕,,,plow,,gēng,,cultivate
390,锐,,,sharp,,ruì,,keen,,acute,,pointed
390,缝,,,sew,,fèng,,mend
390,斥,,,accuse,,chì,,to scold,,upbraid,,reproach
390,宅,,,home,,zhái,,grave,,residence,,dwelling
390,添,,,append,,tiān,,add to,,increase
391,挖,,,dig,,wā,,scoop,,dig out,,gouge out
391,呵,,,scold,,ā,,yawn
391,讼,,,accuse,,sòng,,argue,,dispute,,litigate
391,氧,,,oxygen,,yǎng
391,酷,,,very,,kù,,strong,,stimulating
392,掠,,,rob,,lüè,,ransack,,plunder,,pass by
392,祸,,,calamity,,huò,,disaster,,misfortune
392,贪,,,covet,,tān,,be greedy,,covetous
392,悬,,,hang,,xuán,,hoist,,suspend,,be hung
392,唇,,,lips,,chún
393,仓,,,sea,,cāng,,berth,,granary
393,轨,,,rut,,guǐ,,track,,path
393,庙,,,temple,,miào,,shrine
393,屏,,,shield,,píng
393,寺,,,court,,sì,,office,,temple,,monastery
394,愚,,,stupid,,yú,,doltish,,foolish
394,疏,,,lax,,shū,,neglect,,careless
394,颤,,,shiver,,chàn,,tremble,,trembling
394,寸,,,inch,,cùn,,tiny,,small
394,辱,,,abuse,,rǔ,,insult,,humiliate
395,辨,,,distinguish,,biàn
395,腔,,,chest cavity,,qiāng
395,郁,,,hit,,yù
395,忌,,,fear,,jì,,jealous,,envious
395,溜,,,slide,,liū,,slip,,glide,,slippery
396,笼,,,cage,,lóng
396,丘,,,hill,,qiū,,elder,,empty,,a name
396,滋,,,grow,,zī,,thrive,,multiply,,increase
396,壳,,,husk,,ké,,casing,,shell
396,痕,,,scar,,hén,,mark,,trace
397,穴,,,cave,,xué,,den,,hole
397,卓,,,lofty,,zhuō,,profound,,brilliant
397,贤,,,good,,xián,,able,,worthy,,virtuous
397,膜,,,membrane,,mó
397,毅,,,firm,,yì,,resolute,,persist,,decisive
398,锦,,,brocade,,jǐn,,tapestry,,embroidered
398,茫,,,vast,,máng,,boundless,,widespread
398,昂,,,rise,,áng,,bold,,raise,,proud,,upright
398,皱,,,folds,,zhòu,,wrinkles,,creases
398,舌,,,tongue,,shé
399,剥,,,peel,,bō
399,窝,,,nest,,wō,,den,,cave
399,携,,,carry,,xié,,take with,,lead by hand
399,陵,,,hill,,líng,,mound,,mausoleum
399,哼,,,hum,,hēng,,moan,,groan,,sing softly
400,棉,,,cotton,,mián
400,饲,,,feed,,sì,,nourish
400,逆,,,rebel,,nì,,rebel,,disobey,,traitor
400,喘,,,pant,,chuǎn,,gasp
400,罩,,,cover,,zhào
401,炉,,,oven,,lú,,stove,,furnace,,fireplace
401,胎,,,fetus,,tāi,,embryo,,unborn child
401,蓄,,,store,,xù,,save,,hoard,,gather
401,竭,,,exhaust,,jié
401,浑,,,mix,,hún,,muddy,,blend,,merge,,turbid
402,悦,,,pleased,,yuè,,contented,,gratified
402,诞,,,birth,,dàn,,give birth
402,泡,,,suds,,pào,,soak,,bubbles,,blister
402,贼,,,thief,,zéi,,kill,,traitor
402,亭,,,erect,,tíng,,pavilion
403,酬,,,toast,,chóu,,reward,,recompense
403,泄,,,leak,,xiè,,vent,,flow,,reveal
403,杆,,,pole,,gān
403,挨,,,near,,āi,,next to,,towards,,against,,to wait
403,吟,,,sing,,yín,,hum,,recite
404,狭,,,narrow,,xiá,,limited
404,肖,,,be like,,xiào,,look like,,resemble
404,霞,,,rosy clouds,,xiá
404,驳,,,mixed,,bó,,varicolored,,variegated
404,裕,,,rich,,yù,,abundant,,plentiful
405,顽,,,obstinate,,wán,,stubborn
405,畜,,,livestock,,chù
405,咽,,,throat,,yàn,,pharynx
405,勾,,,hook,,gōu,,join,,entice,,connect
405,疆,,,border,,jiāng,,boundary,,frontier
406,赌,,,bet,,dǔ,,wager,,gamble,,compete
406,畏,,,fear,,wèi,,awe,,dread,,reverence
406,肺,,,lungs,,fèi
406,缠,,,wrap,,chán,,tie,,bind,,wind around
406,瞪,,,stare at,,dèng
407,吊,,,pity,,diào,,hang,,mourn,,condole
407,斑,,,mottled,,bān,,striped,,freckle
407,涛,,,large waves,,tāo
407,卑,,,low,,bēi,,humble,,despise,,inferior
407,葬,,,bury,,zàng,,inter
408,铭,,,inscribe,,míng,,engrave
408,蛮,,,savage,,mán,,barbarians,,barbarous
408,歧,,,fork of road,,qí
408,廊,,,porch,,láng,,corridor,,veranda
408,灌,,,pour,,guàn,,water,,flood,,irrigate
409,勉,,,urge,,miǎn,,endeavor,,make effort
409,盲,,,blind,,máng
409,宰,,,to rule,,zǎi,,to slaughter
409,啥,,,what?,,shà
409,胀,,,swell,,zhàng,,expand,,inflate
410,扯,,,haul,,chě,,rip up,,raise,,tear down
410,辽,,,far,,liáo,,distant
410,抹,,,smear,,mǒ,,apply,,erase,,wipe off
410,筒,,,pipe,,tǒng
410,朴,,,simple,,pǔ,,a tree,,sincere,,surname,,unadorned
411,咐,,,order,,fù,,instruct
411,誓,,,swear,,shì,,oath,,pledge
411,喉,,,throat,,hóu,,gullet,,larynx,,guttural
411,妄,,,absurd,,wàng,,false,,foolish,,reckless
411,拘,,,seize,,jū,,detain,,restrain
412,驰,,,hurry,,chí
412,栏,,,railing,,lán,,balustrade,,animal pan
412,逝,,,die,,shì,,pass away
412,窃,,,steal,,qiè,,thief,,secretly,,stealthily
412,纤,,,fine,,xiān,,minute,,delicate,,graceful
413,盈,,,fill,,yíng,,full,,surplus,,overflowing
413,瞬,,,wink,,shùn,,blink,,a flash,,in a wink
413,婴,,,baby,,yīng,,infant,,bother
413,颈,,,neck,,jǐng,,throat
413,倘,,,if,,tǎng,,supposing,,in event of
414,蔽,,,cover,,bì,,hide,,conceal,,shelter
414,畅,,,freely,,chàng,,smoothly
414,赠,,,bestow,,zèng,,confer,,give present
414,跪,,,kneel,,guì
414,颠,,,top,,diān,,peak,,upset,,summit
415,遮,,,cover,,zhē,,shield,,protect
415,辟,,,law,,pì,,rule,,open up,,develop
415,瘤,,,tumor,,liú,,lump,,goiter
415,框,,,frame,,kuāng,,framework,,door frame
415,钦,,,respect,,qīn,,admire,,respectful
416,庸,,,usual,,yōng,,common,,ordinary,,mediocre
416,吼,,,roar,,hǒu,,bark,,howl,,shout
416,摊,,,open,,tān,,spread out,,apportion
416,嘱,,,order,,zhǔ,,tell,,instruct,,leave word
416,娇,,,tender,,jiāo
417,耸,,,stir,,sǒng,,urge on,,excite,,rise up
417,摧,,,break,,cuī,,destroy,,injure
417,薪,,,fuel,,xīn,,salary,,firewood
417,淋,,,drip,,lín,,soak,,drench,,perfectly
417,耻,,,shame,,chǐ,,ashamed,,humiliation
418,饥,,,hunger,,jī,,hungry,,starving,,a famine
418,崩,,,rupture,,bēng,,collapse,,split apart
418,逢,,,flatter,,féng,,come upon,,happen meet
418,撑,,,brace,,chēng,,prop up,,support
418,翔,,,soar,,xiáng,,glide,,hover,,detailed
419,枯,,,decayed,,kū,,dried out,,withered
419,凑,,,assemble,,còu
419,溪,,,creek,,xī
419,蠢,,,fat,,chǔn,,silly,,wriggle,,stupid
419,阐,,,explain,,chǎn,,clarify,,elucidate
420,旺,,,prosper,,wàng,,increase,,prosperous
420,碑,,,gravestone,,bēi,,stone tablet
420,挪,,,move,,nuó
420,脂,,,fat,,zhī,,lard,,grease,,grease
420,谎,,,lie,,huǎng
421,慨,,,sigh,,kǎi,,regret,,generous
421,掘,,,dig,,jué,,excavate
421,逮,,,seize,,dǎi,,catch,,reach,,arrive
421,掏,,,take out,,tāo,,pull out,,clean out
421,晰,,,clear,,xī,,evident,,clearly
422,罕,,,rare,,hǎn,,scarce,,surname
422,挽,,,pull,,wǎn,,pull back,,draw back
422,舟,,,boat,,zhōu,,ship
422,骚,,,harass,,sāo,,annoy,,bother,,disturb
422,拓,,,expand,,tà,,open up
423,坑,,,pit,,kēng,,hole,,bury,,trap,,harry
423,兆,,,omen,,zhào,,mega,,million
423,崖,,,cliff,,yá,,precipice,,precipitous
423,刹,,,temple,,shā,,shrine,,monastary
423,筋,,,muscles,,jīn,,tendons
424,钩,,,hook,,gōu,,barb,,sickle,,stroke with
424,棍,,,stick,,gùn,,cudgel,,scoundrel
424,嚷,,,cry,,rǎng,,shout,,brawl,,make uproar
424,弦,,,string,,xián,,crescent,,hypotenuse
424,焰,,,flame,,yàn,,blaze,,glowing,,blazing
425,耍,,,play,,shuǎ,,frolic,,amuse,,play with
425,俯,,,bow down,,fǔ,,face down,,look down
425,愣,,,be in a daze,,lèng
425,饶,,,bountiful,,ráo,,abundant,,plentiful
425,钉,,,nail,,dīng,,spike
426,叠,,,pile,,dié,,fold up,,be piled up
426,惹,,,vex,,rě,,offend,,incite,,irritate
426,喻,,,like,,yù,,metaphor,,analogy,,example
426,谱,,,list,,pǔ,,table
426,煌,,,bright,,huáng,,shining,,luminous
427,溶,,,to melt,,róng,,dissolve
427,坠,,,drop,,zhuì,,sink,,fall down,,go to ruin
427,滥,,,flood,,làn,,overflow,,excessive
427,瓷,,,crockery,,cí,,porcelain,,chinaware
427,浴,,,bathe,,yù,,wash,,bath
428,屁,,,fart,,pì,,buttocks,,break wind
428,漆,,,paint,,qī,,varnish,,lacquer
428,巢,,,nest,,cháo
428,吩,,,order,,fēn,,command,,instruct
428,啸,,,roar,,xiào,,howl,,scream,,whistle
429,滞,,,block up,,zhì,,obstruct,,stagnant
429,膝,,,knee,,xī
429,茂,,,thick,,mào,,lush,,dense,,talented
429,恕,,,forgive,,shù,,excuse,,show mercy
429,渠,,,ditch,,qú,,canal,,gutter,,channel
430,舶,,,large,,bó
430,颁,,,confer,,bān,,bestow,,publish,,promulgate
430,袍,,,robe,,páo,,cloak,,long gown
430,嘲,,,scorn,,cháo,,deride,,ridicule,,jeer at
430,衔,,,bit,,xián,,gag,,bite
431,倦,,,weary,,juàn,,be tired of
431,涵,,,soak,,hán,,wet,,tolerate,,be lenient
431,雀,,,sparrow,,què
431,僵,,,stock still,,jiāng
431,肢,,,human limbs,,zhī,,animal feet
432,垄,,,grave,,lǒng,,mound
432,侨,,,lodge,,qiáo,,sojourn
432,舆,,,cart,,yú,,palanquin,,sedan chair
432,弊,,,evil,,bì,,bad,,wrong,,criminal
432,凄,,,dreary,,qī,,miserable,,bitter cold
433,浸,,,soak,,jìn,,dip,,immerse,,percolate
433,砖,,,tile,,zhuān,,brick
433,蒸,,,steam,,zhēng,,evaporate
433,陡,,,steep,,dǒu,,sudden,,sloping,,abruptly
433,哑,,,dumb,,yǎ,,mute
434,坟,,,grave,,fén,,mound,,bulge,,bulging
434,眨,,,wink,,zhǎ
434,搏,,,seize,,bó,,strike,,spring upon
434,拢,,,collect,,lǒng
434,昧,,,dark,,mèi,,obscure,,darken
435,擅,,,claim,,shàn,,to dare,,monopolize,,arbitrarily
435,爽,,,happy,,shuǎng,,cheerful,,refreshing
435,搁,,,put,,gē,,place,,delay,,lay down
435,雌,,,soft,,cí,,female,,gentle,,feminine
435,哨,,,chirp,,shào,,whistle
436,巩,,,bind,,gǒng,,firm,,secure,,strong
436,昔,,,formerly,,xī,,ancient
436,谬,,,error,,miù,,erroneous
436,谍,,,to spy,,dié,,spying
436,冤,,,wrong,,yuān,,grievance,,injustice
437,鸦,,,crow,,yā
437,蓬,,,fairyland,,péng
437,巷,,,alley,,xiàng,,lane
437,栽,,,plant,,zāi,,to cultivate
437,沾,,,wet,,zhān,,soak,,touch,,moisten
438,诈,,,cheat,,zhà,,trick,,defraud,,swindle
438,瞒,,,lie,,mán,,deceive
438,纺,,,spin,,fǎng,,reel,,weave
438,罐,,,jar,,guàn,,jug,,pot,,pitcher
438,壤,,,soil,,rǎng,,loam,,rich,,earth
439,颂,,,laud,,sòng,,ode,,hymn,,acclaim
439,膨,,,to swell,,péng,,swollen,,bloated,,inflated
439,谐,,,joke,,xié,,jest,,agree,,harmonize
439,隙,,,crack,,xì,,split,,grudge,,fissure
439,绑,,,bind,,bǎng,,tie,,fasten
440,嘿,,,be silent,,hēi,,be quiet
440,挫,,,grind,,cuò,,push down,,chop down
440,乞,,,beg,,qǐ,,request
440,哇,,,vomit,,wa
440,绣,,,embroider,,xiù,,ornament,,embroidery
441,杖,,,cane,,zhàng
441,衍,,,overflow,,yǎn,,spill over,,spread out
441,攀,,,climb,,pān,,pull,,hang on to
441,譬,,,simile,,pì,,metaphor,,example
441,肆,,,shop,,sì,,indulge,,excess,,therefore
442,泣,,,cry,,qì,,sob,,weep
442,屡,,,often,,lǚ,,frequently
442,躁,,,tense,,zào,,excited,,irritable
442,椎,,,hammer,,chuí,,mallet,,vertebra
442,砸,,,smash,,zá,,mash,,crush,,break,,pound
443,帆,,,sail,,fān,,boat
443,窜,,,edit,,cuàn,,expel,,revise,,run away
443,丸,,,pill,,wán,,pellet
443,斩,,,cut,,zhǎn,,chop,,sever,,behead
443,堤,,,dike,,dī
444,塌,,,collapse,,tā
444,贩,,,peddler,,fàn,,hawker
444,掀,,,lift,,xiān,,stir,,raise
444,谜,,,riddle,,mí,,puzzle,,conundrum
444,捏,,,mold,,niē,,knead
445,滨,,,beach,,bīn,,sea coast,,river bank
445,虏,,,seize,,lǔ,,imprison,,a prison,,to capture
445,卸,,,lay down,,xiè
445,沼,,,lake,,zhǎo,,swamps,,fishpond
445,株,,,root,,zhū
446,剖,,,slice,,pōu,,dissect,,split in two
446,劈,,,chop,,pī,,split,,cut apart
446,怯,,,afraid,,qiè
446,沫,,,froth,,mò,,foam,,suds,,bubbles
446,竖,,,erect,,shù,,vertical
447,峻,,,high,,jùn,,steep,,stern,,towering
447,捞,,,fish,,lāo,,dredge
447,鄙,,,mean,,bǐ,,low
447,魄,,,vigor,,pò,,body
447,兜,,,pouch,,dōu
448,哄,,,coax,,hōng,,cheat,,beguile,,deceive
448,颖,,,clever,,yǐng,,rice tassel,,sharp point
448,屑,,,bits,,xiè,,scraps,,crumbs,,fragments
448,蚁,,,ants,,yǐ
448,渗,,,infiltrate,,shèn,,soak through
449,秃,,,bald,,tū
449,旱,,,dry,,hàn,,drought,,dry land
449,谴,,,scold,,qiǎn,,abuse,,reprimand
449,稻,,,rice plant,,dào
449,铸,,,melt,,zhù,,cast,,coin,,mint
450,恍,,,seemingly,,huǎng
450,贬,,,lower,,biǎn,,decrease,,censure,,criticize
450,烛,,,candle,,zhú,,taper,,shine,,illuminate
450,朽,,,rot,,xiǔ,,decay,,decayed,,rotten
450,碌,,,rough,,lù,,rocky,,uneven,,mediocre
451,迄,,,till,,qì,,extend,,reach,,until
451,绅,,,tie,,shēn,,bind,,girdle,,gentry
451,榜,,,placard,,bǎng
451,诵,,,recite,,sòng,,chant,,repeat
451,禽,,,,,qín,,birds,,fowl,,surname,,capture
452,瞄,,,look at,,miáo,,take aim at
452,幢,,,sun screen,,chuáng
452,睹,,,look at,,dǔ,,gaze at,,observe
452,贿,,,bribe,,huì,,bribes,,riches,,wealth
452,蔑,,,disdain,,miè,,slight,,disregard
453,缚,,,to tie,,fù
453,篷,,,sail,,péng,,boat,,awning,,covering
453,淹,,,drown,,yān,,steep
453,勘,,,compare,,kān,,collate,,investigate
453,灿,,,vivid,,càn,,bright
454,敞,,,roomy,,chǎng,,open,,broad,,spacious
454,蜡,,,wax,,là,,waxy,,candle,,glazed,,maggot
454,辜,,,crime,,gū
454,妒,,,jealous,,dù,,envious
454,谣,,,sing,,yáo,,rumor,,ballad,,folksong
455,枕,,,pillow,,zhěn
455,丐,,,beg,,gài,,give,,beggar
455,泌,,,excrete,,mì,,to seep out
455,掷,,,throw,,zhì,,hurl,,cast,,fling
455,侮,,,insult,,wǔ,,ridicule,,disgrace
456,蚀,,,erode,,shí,,eclipse,,nibble away
456,霜,,,frost,,shuāng,,candied
456,蕴,,,store,,yùn,,gather,,profound,,to collect
456,妆,,,dress up,,zhuāng,,use make-up
456,捆,,,bind,,kǔn,,tie up,,bundle,,truss up
457,丙,,,third,,bǐng
457,钞,,,copy,,chāo,,paper money,,bank notes
457,犬,,,dog,,quǎn
457,躬,,,body,,gōng,,in person,,personally
457,昼,,,daytime,,zhòu,,daylight
458,奠,,,settle,,diàn,,pay respect
458,蹈,,,dance,,dǎo,,stamp feet
458,陋,,,ugly,,lòu,,narrow,,crude,,coarse
458,侣,,,companion,,lǚ
458,侄,,,nephew,,zhí
459,虐,,,cruel,,nüè,,harsh,,oppressive
459,堕,,,fall,,duò,,sink,,let fall,,degenerate
459,茎,,,stem,,jīng,,stalk
459,喇,,,horn,,lǎ,,lama,,bugle
459,绒,,,silk,,róng,,cotton
460,搅,,,disturb,,jiǎo,,agitate,,stir up
460,缔,,,tie,,dì,,join,,connect,,connection
460,嫉,,,jealousy,,jí
460,鸽,,,dove,,gē,,pigeon
460,纬,,,woof,,wěi
461,沸,,,boil,,fèi,,gush,,bubble up
461,畴,,,farmland,,chóu,,category,,arable land
461,遏,,,stop,,è,,curb,,check,,a bar,,suppress
461,烁,,,shine,,shuò,,glitter,,sparkle
461,嗅,,,smell,,xiù,,scent,,sniff,,olfactive
462,叭,,,trumpet,,bā
462,奢,,,wasteful,,shē,,extravagant,,exaggerate
462,拙,,,stupid,,zhuō,,crude,,clumsy,,convention
462,泻,,,leak,,xiè,,flow,,drain off,,pour down
462,晤,,,meet,,wù
463,稚,,,young,,zhì,,immature,,childhood
463,捣,,,hull,,dǎo,,beat,,thresh,,attack
463,尴,,,embarrassed,,gān,,ill at ease
463,诧,,,be shocked,,chà,,be surprised
463,尬,,,limp,,gà,,embarrass
464,嚼,,,prattle,,jué,,be glib
464,旷,,,wide,,kuàng,,broad,,empty,,extensive
464,芽,,,bud,,yá,,shoot,,sprout
464,碳,,,carbon,,tàn
464,惕,,,alert,,tì,,careful,,be cautious
465,汹,,,noisy,,xiōng,,turbulent,,restless
465,腥,,,rank,,xīng,,raw meat
465,澄,,,pure,,chéng,,clear
465,萎,,,wilt,,wēi,,wither
465,滔,,,overflow,,tāo,,a torrent
466,酿,,,brew,,niàng,,ferment
466,诫,,,warn,,jiè,,warning,,admonish
466,棕,,,hemp palm,,zōng,,palm tree
466,喧,,,lively,,xuān,,noisy,,clamor,,talk loudly
466,伺,,,serve,,cì,,attend,,examine,,wait upon
467,梢,,,rudder,,shāo
467,坝,,,dam,,bà,,embankment
467,敷,,,spread,,fū,,apply,,paint,,diffuse
467,庇,,,cover,,bì,,shield,,shelter,,protect
467,挠,,,scratch,,náo,,bother,,submit,,disturb
468,搂,,,hug,,lǒu,,drag,,pull,,embrace
468,噪,,,be noisy,,zào
468,稼,,,sow grain,,jià
468,寝,,,sleep,,qǐn,,rest,,bed chamber
468,哺,,,feed,,bǔ,,chew food
469,帜,,,flag,,zhì,,sign,,fasten,,pennant
469,揉,,,rub,,róu,,massage
469,腻,,,oily,,nì,,greasy,,dirty,,smooth
469,瘫,,,palsy,,tān,,paralysis,,numbness
469,觅,,,seek,,mì,,search
470,僻,,,remote,,pì,,unorthodox
470,蔓,,,vines,,màn,,tendrils
470,咋,,,loud,,zǎ,,to bite
470,嵌,,,inlay,,qiàn,,set in,,rugged,,fall into
470,涩,,,harsh,,sè,,rough,,uneven,,astringent
471,蹦,,,hop,,bèng,,leap,,jump,,bright
471,叨,,,talkative,,dāo,,quarrelous
471,呕,,,vomit,,ǒu,,annoy,,enrage
471,凸,,,convex,,tū,,protrude,,bulge out
471,熄,,,quash,,xī,,put out,,extinguish
472,裳,,,skirt,,shang,,clothes,,beautiful
472,凹,,,concave,,āo,,hollow,,a pass,,valley,,depressed
472,膛,,,chest,,táng,,cavity
472,聋,,,deaf,,lóng
472,沮,,,stop,,jǔ,,prevent,,defeated,,dejected
473,萌,,,bud,,méng,,sprout
473,撇,,,discard,,piē,,abandon,,throw away
473,苟,,,but,,gǒu,,careless,,illicit,,if only,,surname
473,蚂,,,ant,,mǎ,,leech
473,俭,,,frugal,,jiǎn,,temperate,,economical
474,帖,,,notice,,tiē
474,墅,,,villa,,shù
474,歹,,,bad,,dǎi,,wicked,,vicious,,depraved
474,伶,,,lonely,,líng,,actor,,solitary
474,廓,,,broad,,kuò,,wide,,open,,empty,,to expand
475,讳,,,shun,,huì,,conceal
475,瓣,,,petal,,bàn,,valves,,segment
475,枉,,,bent,,wǎng,,useless,,in vain,,crooked
475,琢,,,cut jade,,zuó,,polish jade
475,讥,,,jeer,,jī,,mock,,ridicule,,inspect
476,呻,,,groan,,shēn,,moan
476,慷,,,ardent,,kāng,,generous,,magnanimous
476,锤,,,hammer,,chuí
476,桨,,,oar,,jiǎng,,paddle
476,磅,,,pound,,bàng,,weigh
477,馈,,,send gift,,kuì
477,溅,,,spray,,jiàn,,spill,,splash,,sprinkle
477,钙,,,calcium,,gài
477,彰,,,clear,,zhāng,,obvious,,manifest
477,眯,,,be blinded,,mī
478,墟,,,high mound,,xū,,wasteland
478,瞻,,,look,,zhān,,respect
478,悼,,,grieve,,dào,,mourn,,lament,,grieved
478,拣,,,choose,,jiǎn,,select,,gather,,pick up
478,渺,,,vast,,miǎo,,boundless
479,汰,,,scour,,tài,,excessive,,wash out
479,镶,,,set,,xiāng,,fill,,insert,,inlay,,mount
479,趴,,,lying prone,,pā
479,酌,,,feast,,zhuó,,serve wine,,deliberate
479,浊,,,muddy,,zhuó,,dirty,,turbid,,filthy
480,撼,,,move,,hàn,,shake
480,扛,,,lift,,káng
480,峭,,,steep,,qiào,,rugged,,precipitous
480,磕,,,hit,,kē,,sound,,collide,,knock into
480,翘,,,lift,,qiào,,raise,,turn up,,elevate
481,熏,,,fog,,xūn,,smoke,,cure,,vapor,,smoke
481,缀,,,link,,zhuì,,connect
481,徊,,,linger,,huái,,hesitain
481,肪,,,animal fat,,fáng
481,涕,,,tear,,tì,,snivel,,nasal mucus
482,惫,,,tired,,bèi,,weary,,fatigued
482,挚,,,warm,,zhì,,sincere,,cordial,,surname
482,睦,,,friendly,,mù,,amiable,,peaceful
482,窍,,,hole,,qiào,,opening,,aperture
482,粥,,,congee,,zhōu,,rice gruel
483,沧,,,blue,,cāng,,cold,,dark green
483,怠,,,idle,,dài,,remiss,,neglect,,negligent
483,咙,,,throat,,lóng
483,沛,,,full,,pèi,,sudden,,abundant,,copious
483,崭,,,high,,zhǎn,,new,,steep,,precipitous
484,鞠,,,bow,,jū,,bend,,rear,,raise,,nourish
484,洽,,,to cover,,qià
484,唾,,,spit,,tuò,,saliva,,spit on
484,柬,,,letter,,jiǎn,,choose,,invitation
484,擎,,,lift up,,qíng,,hold up,,support
485,疤,,,scar,,bā,,cicatrix,,birthmark
485,钝,,,blunt,,dùn,,dull,,flat,,obtuse,,dull-witted
485,氓,,,people,,máng,,vassals,,subjects
485,杠,,,lever,,gāng,,pole,,crowbar,,sharpen
485,诬,,,defame,,wū
486,抒,,,express,,shū,,relieve,,eliminate
486,侈,,,luxurious,,chǐ,,extravagant
486,徘,,,hesitate,,pái
486,嗦,,,suck,,suo
486,赁,,,rent,,lìn,,hire
487,婪,,,covet,,lán,,covetous,,avaricious
487,紊,,,confused,,wěn,,disorder
487,兢,,,wary,,jīng,,fearful,,cautious
487,扒,,,crawl,,bā,,scratch,,dig up,,crouch
487,痪,,,paralysis,,huàn
488,宵,,,night,,xiāo,,dark,,evening
488,岔,,,diverge,,chà,,branch off
488,韧,,,resilient,,rèn
488,憋,,,hasty,,biē
488,衅,,,rift,,xìn
489,隘,,,narrow,,ài,,confined
489,濒,,,near,,bīn,,approach
489,剔,,,pick out,,tī,,scrape off,,scrape meat
489,淀,,,swamp,,diàn,,swampy
489,斟,,,to gauge,,zhēn
490,拧,,,pinch,,níng,,twist,,wring,,determined
490,蔚,,,thick,,wèi,,luxuriant,,ornamental
490,眶,,,eye socket,,kuàng,,rim of eye
490,瀑,,,cascade,,pù,,waterfall,,heavy rain
490,渣,,,lees,,zhā,,refuse,,dregs,,sediment
491,辙,,,wagon ruts,,zhé
491,阱,,,trap,,jǐng,,snare,,pitfall
491,哆,,,tremble,,duō,,shiver,,quiver,,shudder
491,辫,,,braid,,biàn,,plait,,queue,,pigtail
491,拽,,,drag,,zhuāi,,tow,,throw,,twist
492,滤,,,filter,,lǜ,,strain out
492,睬,,,notice,,cǎi
492,谤,,,libel,,bàng,,slander
492,捍,,,defend,,hàn,,ward off
492,瘾,,,rash,,yǐn,,habit,,craving,,addiction
493,磋,,,buff,,cuō,,polish,,scrutinize
493,淆,,,confused,,xiáo,,mixed up,,in disarray
493,烘,,,bake,,hōng,,roast,,dry by fire
493,赂,,,bribe,,lù
493,迸,,,split,,bèng,,gush out,,burst forth
494,炫,,,shine,,xuàn,,flaunt,,glitter,,show off
494,惰,,,lazy,,duò,,idle,,indolent,,careless
494,椭,,,tubular,,tuǒ,,oval-shaped,,elliptical
494,侃,,,amiable,,kǎn
494,瞩,,,stare at,,zhǔ,,focus on
495,蕾,,,buds,,lěi
495,炊,,,cook,,chuī,,meal
495,隧,,,tunnel,,suì
495,啃,,,gnaw,,kěn,,chew,,bite
495,舔,,,taste,,tiǎn
496,蹬,,,step on,,dēng,,tread on,,lose energy
496,殴,,,beat,,ōu,,hit
496,侥,,,be lucky,,jiǎo,,by luck,,by chance
496,酝,,,wine,,yùn,,liquor,,spirits,,ferment
496,澈,,,thoroughly,,chè,,completely
497,锈,,,rust,,xiù,,corrode
497,稠,,,dense,,chóu,,soupy,,packed,,crowded
497,筛,,,sieve,,shāi,,sift,,filter,,screen
497,痹,,,paralysis,,bì,,numbness
497,唠,,,chat,,láo,,jaw,,talk,,gossip
498,曝,,,sun,,pù,,air in sun
498,嘈,,,noisy,,cáo
498,蔼,,,lush,,ǎi,,affable,,friendly
498,烹,,,boil,,pēng,,cook,,stir fry,,quick fry
498,沐,,,bathe,,mù,,wash,,cleanse,,shampoo
499,掐,,,hold,,qiā,,choke
499,咀,,,suck,,jǔ,,chew,,masticate
499,吝,,,stingy,,lìn,,miserly
499,溉,,,water,,gài,,wash,,flood,,irrigate
499,疙,,,sore,,gē,,boil,,wart,,pimple,,pustule
500,揍,,,hit,,zòu,,beat,,smash,,break
500,诽,,,slander,,fěi,,vilify,,condemn
500,倔,,,firm,,jué,,stubborn,,obstinate
500,攒,,,save,,zǎn,,hoard
500,瘩,,,pimples,,da
501,殃,,,disaster,,yāng,,calamity,,misfortune
501,俐,,,smooth,,lì,,sharp,,active,,clever
501,拌,,,mix,,bàn
501,橙,,,orange,,chéng
501,簸,,,winnower,,bǒ
502,惋,,,regret,,wǎn,,alarmed,,be sorry
502,惮,,,dread,,dàn,,fear,,shirk,,shrink from
502,捎,,,to take,,shāo,,to select,,to carry
502,唆,,,incite,,suō,,instigate
502,榨,,,a vegetable,,zhà
503,蹋,,,slip,,tà,,step on,,stumble,,tread on
503,秤,,,scale,,chèng,,balance,,steelyard
503,惦,,,miss,,diàn,,think of,,remember
503,藐,,,slight,,miǎo,,disdain,,disregard
503,馅,,,filling,,xiàn,,secret,,stuffing
504,暧,,,dim,,ài,,vague,,obscure,,ambiguous
504,馋,,,lewd,,chán,,greedy,,gluttonous,,lecherous
504,啬,,,miserly,,sè,,stingy,,thrifty
504,踊,,,leap,,yǒng,,jump
504,暄,,,warm,,xuān,,warm,,genial,,comfortable
505,晾,,,air-dry,,liàng,,sun-dry
505,瘸,,,leg,,qué,,lameness
505,阂,,,to prevent,,hé
505,挎,,,carry,,kuà
505,雹,,,hail,,báo
506,酗,,,drunk,,xù
506,拄,,,post,,zhǔ,,prod,,lean on,,ridicule
506,掰,,,to rip,,bāi
506,荤,,,meat diet,,hūn
506,饪,,,cooked food,,rèn
507,熨,,,iron,,yùn,,press
507,涮,,,rinse,,shuàn
507,锲,,,cut,,qiè,,sickle,,carve,,engrave
